Row,classification,confidence,rumen_mags_combined_trimed_dm_genus_balanced-classification,rumen_mags_combined_trimed_dm_genus_balanced-confidence,rumen_mags_combined_trimed_dm_species-classification,rumen_mags_combined_trimed_dm_species-confidence
RUG001.fa,g__Prevotella,0.0783,g__UBA1217,0.0091,s__CAG-110 sp900316335,0.008100000000000001
RUG002.fa,g__RC9,0.0549,g__UBA1217,0.0088,s__Olsenella umbonata,0.0536
RUG003.fa,g__CAG-791,0.1319,g__Methanobrevibacter_B,0.0246,s__Prevotella sp900317685,0.1185
RUG004.fa,g__CAG-791,0.0479,g__Fibrobacter,0.0639,s__Olsenella umbonata,0.0877
RUG005.fa,g__RUG369,0.084,g__RUG410,0.006500000000000001,s__Dialister sp900314595,0.5968
RUG006.fa,g__Dialister,0.0783,g__UBA1217,0.0101,s__C941 sp900318335,0.0659
RUG007.fa,g__Prevotella,0.0726,g__Methanobrevibacter_B,0.0363,s__Olsenella umbonata,0.0152
RUG008.fa,g__Prevotella,0.2019,g__Methanobrevibacter_B,0.1517,s__Methanobrevibacter_A sp900319535,0.0495
RUG009.fa,g__Eubacterium_Q,0.1741,g__Methanobrevibacter_B,0.0106,s__Agathobacter faecis,0.0148
RUG010.fa,g__Prevotella,0.0767,g__Bifidobacterium,0.0106,s__Ruminococcus_E sp900317315,0.096
RUG011.fa,g__CAG-791,0.2873,g__Methanobrevibacter_B,0.0264,s__Methanobrevibacter_B sp900314605,0.623
RUG012.fa,g__Succinivibrio,0.8843,g__Methanobrevibacter_B,0.3532,s__Methanobrevibacter_B sp900314605,0.9537
RUG013.fa,g__Ruminococcus_E,0.1188,g__UBA1217,0.0092,s__Olsenella umbonata,0.1333
RUG014.fa,g__UBA7748,0.6211,g__Bifidobacterium,0.0096,s__Olsenella umbonata,0.1364
RUG015.fa,g__Prevotella,0.1231,g__Methanobrevibacter_B,0.014,s__UBA6398 sp900314335,0.0138
RUG016.fa,g__Prevotella,0.0936,g__UBA1217,0.0095,s__Sharpea azabuensis,0.3566
RUG017.fa,g__Ruminococcus,0.9907,g__Bifidobacterium,0.013,s__Sharpea azabuensis,0.9998999999999999
RUG018.fa,g__Ruminococcus,0.0899,g__UBA1217,0.0101,s__Ruminobacter amylophilus,0.019299999999999998
RUG019.fa,g__CAG-791,0.6205,g__UBA1217,0.0095,s__Lachnospira eligens_B,0.391
RUG020.fa,g__RC9,0.166,g__RUG410,0.0071,s__Methanobrevibacter sp900314635,0.7082999999999999
RUG021.fa,g__Treponema_D,0.0418,g__Methanobrevibacter_B,0.0245,s__Ruminococcus_D sp900314975,0.018600000000000002
RUG022.fa,g__Selenomonas_C,0.0427,g__UBA1217,0.0078,s__Prevotella copri,0.4874
RUG023.fa,g__RC9,0.2065,g__Methanobrevibacter_B,0.0404,s__RUG023 sp900315435,0.7896
RUG024.fa,g__Ruminococcus,0.0567,g__Fibrobacter,0.4594,s__RUG420 sp900315285,0.5924
RUG025.fa,g__CAG-791,0.0977,g__Fibrobacter,0.1291,s__Olsenella umbonata,0.0197
RUG026.fa,g__Acetatifactor,0.032,g__UBA1217,0.0066,s__Methanobrevibacter_A sp900319535,0.0387
RUG027.fa,g__Streptococcus,0.0418,g__UBA1217,0.0088,s__Olsenella umbonata,0.243
RUG028.fa,g__Prevotella,0.9434,g__UBA2810,0.1221,s__Succiniclasticum sp900316935,0.14730000000000001
RUG029.fa,g__Prevotella,0.1892,g__UBA1217,0.0104,s__ER4 sp900317525,0.0275
RUG030.fa,g__Prevotella,0.2712,g__RUG658,0.0093,s__Prevotella sp900316285,0.0642
RUG031.fa,g__RC9,0.0681,g__Methanobrevibacter_B,0.0125,s__Methanobrevibacter_A sp900319535,0.0219
RUG032.fa,g__RC9,0.0799,g__UBA1217,0.0105,s__Olsenella umbonata,0.1432
RUG033.fa,g__Prevotella,0.0821,g__UBA1217,0.0103,s__UBA7748 sp900314535,0.5205
RUG034.fa,g__UBA1067,0.1098,g__UBA1217,0.0077,s__Lachnospira sp900316325,0.0384
RUG035.fa,g__Prevotella,0.0557,g__Bifidobacterium,0.0107,s__Methanobrevibacter_A sp900319535,0.1475
RUG036.fa,g__Prevotella,0.2019,g__RUG410,0.0069,s__Sharpea azabuensis,0.0521
RUG037.fa,g__CAG-791,0.3374,g__UBA1217,0.0102,s__Succinivibrio sp900316175,0.09269999999999999
RUG038.fa,g__CAG-110,0.5626,g__Methanobrevibacter_B,0.0218,s__Ruminococcus_E sp900316555,0.0526
RUG039.fa,g__Methanobrevibacter_B,0.1852,g__UBA1217,0.01,s__UBA2813 sp900319365,0.0317
RUG040.fa,g__RC9,0.0942,g__Methanobrevibacter_B,0.0357,s__Prevotella sp900314365,0.0258
RUG041.fa,g__Streptococcus,0.1947,g__UBA1217,0.0088,s__UBA1777 sp900319275,0.1411
RUG042.fa,g__CAG-791,0.0769,g__Methanobrevibacter_B,0.1468,s__Prevotella sp900316015,0.1746
RUG043.fa,g__Streptococcus,0.1461,g__UBA1217,0.0085,s__Fibrobacter sp900142495,0.0622
RUG044.fa,g__CAG-791,0.0402,g__Fibrobacter,0.5653,s__Eubacterium_H sp900314295,0.6253
RUG045.fa,g__Streptococcus,0.7626,g__UBA1217,0.0087,s__Succinivibrio sp900316175,0.051100000000000007
RUG046.fa,g__Eubacterium_H,0.994,g__UBA1217,0.0077,s__Prevotella sp900314915,0.997
RUG047.fa,g__Prevotella,0.1596,g__Methanobrevibacter_B,0.0369,s__Prevotella sp900316015,0.067
RUG048.fa,g__Streptococcus,0.1325,g__UBA1217,0.009000000000000001,s__UBA1213 sp900319255,0.32020000000000004
RUG049.fa,g__CAG-791,0.1112,g__UBA1217,0.0083,s__UBA7748 sp900313905,0.5019
RUG050.fa,g__Oribacterium,0.6713,g__UBA1217,0.0098,s__Bulleidia massiliensis,0.2979
RUG051.fa,g__Blautia_A,0.0521,g__UBA1217,0.0108,s__Bulleidia massiliensis,0.9009999999999999
RUG052.fa,g__CAG-791,0.0578,g__UBA1217,0.0089,s__Megasphaera_B hexanoica,0.2634
RUG053.fa,g__Eubacterium_H,0.1218,g__UBA2883,0.0066,s__Ruminococcus_E sp900100595,0.065
RUG054.fa,g__Streptococcus,0.0661,g__UBA1217,0.0071,s__C941 sp900316835,0.027000000000000003
RUG055.fa,g__Prevotella,0.9973,g__RUG658,0.0089,s__Fibrobacter sp900142495,0.0839
RUG056.fa,g__Prevotella,0.6005,g__RUG658,0.0075,s__Succinivibrio sp900316375,0.1776
RUG057.fa,g__Prevotella,0.1576,g__Methanobrevibacter_B,0.0103,s__Ruminococcus_E sp900317315,0.7039
RUG058.fa,g__Prevotella,0.8801,g__UBA1217,0.0094,s__Ruminococcus_E sp900317315,0.0077
RUG059.fa,g__RC9,0.6972,g__UBA1217,0.0096,s__C941 sp900316835,0.1142
RUG060.fa,g__Methanobrevibacter_B,0.1768,g__UBA1217,0.0094,s__Methanobrevibacter_A sp900319535,0.018500000000000003
RUG061.fa,g__Prevotella,0.0944,g__UBA1217,0.0073,s__C941 sp900318335,0.0672
RUG062.fa,g__Blautia_A,0.0813,g__UBA1217,0.0095,s__Prevotella sp900315765,0.10220000000000001
RUG063.fa,g__Bulleidia,0.0492,g__UBA1217,0.0096,s__Prevotella sp900314755,0.0717
RUG064.fa,g__RUG572,0.2312,g__UBA1217,0.0096,s__Prevotella sp900316285,0.07440000000000001
RUG065.fa,g__UBA7748,0.1951,g__UBA1217,0.0093,s__Bacillus licheniformis,0.0092
RUG066.fa,g__Prevotella,0.9137,g__Fibrobacter,0.098,s__RC9 sp900316045,0.16260000000000002
RUG067.fa,g__Ottowia,0.1636,g__RUG410,0.0068000000000000005,s__ER4 sp900317525,0.018799999999999997
RUG068.fa,g__Dialister,0.9993,g__UBA1217,0.0086,s__Olsenella umbonata,0.0746
RUG069.fa,g__UBA1066,0.531,g__UBA1217,0.0067,s__Prevotella sp900316015,0.0981
RUG070.fa,g__Ruminococcus,0.0461,g__UBA1217,0.0086,s__Ruminococcus_D sp900314975,0.1911
RUG071.fa,g__Prevotella,0.0573,g__UBA1217,0.0102,s__Prevotella sp900317685,0.0416
RUG072.fa,g__Blautia_A,0.1126,g__RUG658,0.0093,s__Prevotella sp900315955,0.0351
RUG073.fa,g__UBA1067,0.063,g__Methanobrevibacter_B,0.0265,s__Prevotella sp900316015,0.1421
RUG074.fa,g__Streptococcus,0.0696,g__UBA1217,0.0096,s__Sharpea azabuensis,0.2734
RUG075.fa,g__Methanobrevibacter_B,0.69,g__UBA1217,0.0098,s__Acidaminococcus sp900315205,0.9840000000000001
RUG076.fa,g__Prevotella,0.0754,g__RUG658,0.0083,s__Methanobrevibacter_B sp900314605,0.3455
RUG077.fa,g__UBA1777,0.1039,g__Fibrobacter,0.1192,s__Olsenella umbonata,0.12689999999999999
RUG078.fa,g__Lachnospira,0.8387,g__UBA1217,0.008,s__C941 sp900318335,0.010700000000000001
RUG079.fa,g__Streptococcus,0.1783,g__RUG410,0.006500000000000001,s__Fibrobacter sp900142495,0.0751
RUG080.fa,g__Ruminococcus,0.1008,g__RUG658,0.0094,s__UBA1777 sp900319275,0.0108
RUG081.fa,g__Methanobrevibacter_A,0.8045,g__UBA1217,0.0071,s__UBA1711 sp900317285,0.020099999999999996
RUG082.fa,g__Prevotella,0.1323,g__UBA1217,0.0085,s__Bifidobacterium globosum,0.5438000000000001
RUG083.fa,g__Succinivibrio,0.5273,g__UBA1217,0.0075,s__C941 sp900318335,0.025099999999999997
RUG084.fa,g__Prevotella,0.2047,g__Fibrobacter,0.0555,s__Bacillus licheniformis,0.0143
RUG085.fa,g__Prevotella,0.1076,g__RUG410,0.0068000000000000005,s__Prevotella copri,0.6202000000000001
RUG086.fa,g__UBA7748,0.1455,g__UBA1217,0.0074,s__Prevotella sp900314755,0.2133
RUG087.fa,g__RUG024,0.3357,g__UBA1217,0.0077,s__C941 sp900318065,0.0084
RUG088.fa,g__Ottowia,0.2967,g__Methanobrevibacter_B,0.0148,s__Bacillus licheniformis,0.0764
RUG089.fa,g__Treponema_D,0.0628,g__RUG658,0.0084,s__RUG420 sp900315285,0.9773999999999999
RUG090.fa,g__RC9,0.0683,g__UBA1217,0.0096,s__C941 sp900320055,0.09630000000000001
RUG091.fa,g__UBA2912,0.7279,g__Methanobrevibacter_B,0.0367,s__Fibrobacter sp900142495,0.3084
RUG092.fa,g__Bulleidia,0.6611,g__UBA1217,0.0088,s__Methanobrevibacter_B sp900314605,0.5602
RUG093.fa,g__Prevotella,0.9103,g__Methanobrevibacter_B,0.0136,s__Methanobrevibacter_A sp900319535,0.0646
RUG094.fa,g__Clostridium,0.1967,g__RUG410,0.0066,s__RUG592 sp900317815,0.0892
RUG095.fa,g__C941,0.1301,g__RUG658,0.0073,s__Olsenella umbonata,0.0053
RUG096.fa,g__CAG-83,0.3037,g__RUG658,0.0089,s__Prevotella sp900315775,0.0493
RUG097.fa,g__Clostridium,0.215,g__RUG410,0.0064,s__Olsenella umbonata,0.059699999999999996
RUG098.fa,g__Streptococcus,0.0486,g__UBA1217,0.0077,s__Ruminococcus_E sp900314705,0.053399999999999996
RUG099.fa,g__Prevotella,0.3077,g__UBA1217,0.0086,s__Ruminococcus_E sp900317315,0.0867
RUG100.fa,g__Prevotella,0.6196,g__Fibrobacter,0.0927,s__Prevotella sp900314715,0.0181
RUG101.fa,g__Prevotella,0.1059,g__UBA1217,0.0099,s__Ruminobacter amylophilus,0.0639
RUG102.fa,g__C941,0.0641,g__UBA1217,0.0107,s__Selenomonas_C sp900315575,0.0302
RUG103.fa,g__Prevotella,0.0343,g__RUG658,0.008199999999999999,s__RUG306 sp900316075,0.16870000000000002
RUG104.fa,g__Ruminococcus_E,0.9966,g__UBA1217,0.0104,s__Fibrobacter sp900142495,0.1761
RUG105.fa,g__Streptococcus,0.7507,g__UBA2883,0.0067,s__Megasphaera_B hexanoica,0.0825
RUG106.fa,g__Ottowia,0.2834,g__UBA1217,0.0098,s__Ruminococcus sp900319195,0.0288
RUG107.fa,g__UBA2912,0.5243,g__UBA1217,0.0105,s__C941 sp900318335,0.0178
RUG108.fa,g__Prevotella,0.0411,g__UBA1217,0.008,s__Ruminococcus sp900319195,0.056799999999999996
RUG109.fa,g__Prevotella,0.9955,g__RUG658,0.0096,s__Megasphaera_B hexanoica,0.7764
RUG110.fa,g__Prevotella,1.0,g__Methanobrevibacter_B,0.0127,s__Prevotella sp900317685,0.0783
RUG111.fa,g__Succiniclasticum,0.9682,g__UBA1217,0.01,s__Ruminococcus_E sp900100595,0.0113
RUG112.fa,g__Blautia_A,0.0666,g__RUG658,0.0096,s__Prevotella sp900317685,0.1437
RUG113.fa,g__Prevotella,0.2153,g__UBA1217,0.0103,s__RUG592 sp900317815,0.052300000000000006
RUG114.fa,g__Ruminococcus,0.0441,g__RUG658,0.0086,s__Megasphaera_B hexanoica,0.0146
RUG115.fa,g__Prevotella,0.0663,g__RUG410,0.0071,s__Methanobrevibacter_A sp900319535,0.0197
RUG116.fa,g__Bacillus,0.0498,g__UBA1217,0.0095,s__Ruminococcus sp900319195,0.0189
RUG117.fa,g__Bulleidia,0.4706,g__UBA1217,0.008199999999999999,s__Sharpea azabuensis,0.0781
RUG118.fa,g__Succiniclasticum,0.0498,g__UBA1217,0.0094,s__RUG420 sp900317985,0.23870000000000002
RUG119.fa,g__Prevotella,0.9989,g__Methanobrevibacter_B,0.09,s__Methanobrevibacter_B sp900314605,0.0281
RUG120.fa,g__Bulleidia,0.6441,g__Methanobrevibacter_B,0.3423,s__Methanobrevibacter_B sp900314605,0.1924
RUG121.fa,g__RC9,0.4185,g__Methanobrevibacter_B,0.5868,s__Methanobrevibacter_B sp900314605,0.4607
RUG122.fa,g__Prevotella,0.5465,g__UBA1217,0.0098,s__Methanobrevibacter_A sp900319535,0.078
RUG123.fa,g__Ruminococcus,0.3557,g__UBA1217,0.009000000000000001,s__Agathobacter faecis,0.2834
RUG124.fa,g__Prevotella,0.0924,g__Methanobrevibacter_B,0.0106,s__C941 sp900318335,0.0277
RUG125.fa,g__Prevotella,0.3413,g__UBA1217,0.0089,s__RC9 sp900316045,0.3713
RUG126.fa,g__Prevotella,0.6586,g__UBA1217,0.0097,s__Prevotella sp900316295,0.047599999999999996
RUG127.fa,g__Prevotella,0.883,g__UBA1217,0.0073,s__Ruminococcus_E sp900317315,0.021
RUG128.fa,g__Clostridium,0.0786,g__UBA1217,0.0076,s__RC9 sp900316045,0.4131
RUG129.fa,g__Clostridium,0.2056,g__UBA1217,0.0092,s__C941 sp900316835,0.023700000000000002
RUG130.fa,g__Clostridium,0.2461,g__Methanobrevibacter_B,0.1128,s__Fibrobacter sp900142495,0.1184
RUG131.fa,g__RC9,0.2355,g__Methanobrevibacter_B,0.0723,s__Ruminobacter amylophilus,0.3379
RUG132.fa,g__Prevotella,0.3489,g__UBA1217,0.0097,s__C941 sp900318335,0.0483
RUG133.fa,g__Prevotella,0.9992,g__UBA1217,0.008199999999999999,s__Prevotella sp002251295,0.0179
RUG134.fa,g__Prevotella,0.9685,g__UBA1217,0.0097,s__UBA1777 sp900319275,0.0168
RUG135.fa,g__C941,0.0548,g__UBA1217,0.0096,s__Megasphaera_B hexanoica,0.0424
RUG136.fa,g__Prevotella,0.6622,g__RUG410,0.0066,s__Prevotella sp900315955,0.5768
RUG137.fa,g__Ruminococcus_E,0.9142,g__UBA1217,0.0105,s__Prevotella sp900314945,0.0949
RUG138.fa,g__Acidaminococcus,0.9423,g__UBA1217,0.0087,s__Ruminococcus_E sp900317315,0.0466
RUG139.fa,g__Clostridium,0.6129,g__RUG410,0.0068000000000000005,s__Prevotella sp900315775,0.8184999999999999
RUG140.fa,g__Bifidobacterium,0.8673,g__UBA1217,0.0092,s__RC9 sp900316045,0.5235
RUG141.fa,g__UBA1067,0.3726,g__Methanobrevibacter_B,0.0583,s__Megasphaera_B hexanoica,0.034
RUG142.fa,g__Treponema_D,0.1012,g__UBA1217,0.0094,s__RC9 sp900316045,0.99
RUG143.fa,g__UBA1777,0.0638,g__UBA1217,0.0079,s__Sharpea azabuensis,0.0493
RUG144.fa,g__Bacillus,0.0799,g__Methanobrevibacter_B,0.0259,s__Prevotella copri,0.4618
RUG145.fa,g__Prevotella,0.1176,g__UBA1217,0.0086,s__Prevotella copri,0.0054
RUG146.fa,g__UBA1777,0.0368,g__Methanobrevibacter_B,0.046500000000000014,s__Prevotella sp900316015,0.0622
RUG147.fa,g__RC9,0.3337,g__UBA1217,0.0086,s__RC9 sp900316045,0.3846
RUG148.fa,g__Prevotella,0.0587,g__UBA1217,0.0092,s__Acidaminococcus sp900315205,0.1185
RUG149.fa,g__Prevotella,0.9995,g__UBA1217,0.0069,s__CAG-791 sp900320025,0.053899999999999997
RUG150.fa,g__Bulleidia,0.7445,g__UBA1217,0.0097,s__Fibrobacter sp900142495,0.5131
RUG151.fa,g__Ruminococcus_D,0.4691,g__UBA1217,0.0069,s__UBA1777 sp900319275,0.0123
RUG152.fa,g__RUG420,0.9995,g__RUG658,0.0098,s__CAG-791 sp900317555,0.013500000000000002
RUG153.fa,g__RC9,0.0704,g__UBA1217,0.0076,s__Dialister sp900314595,0.0141
RUG154.fa,g__Clostridium,0.1564,g__UBA1217,0.008,s__Methanobrevibacter_A sp900319535,0.106
RUG155.fa,g__Blautia_A,0.4297,g__UBA1217,0.0088,s__Ruminococcus_E sp900317315,0.4214
RUG156.fa,g__Butyrivibrio,0.2627,g__UBA1217,0.0106,s__ER4 sp900317525,0.0366
RUG157.fa,g__UBA1066,0.4325,g__UBA1217,0.0097,s__Olsenella umbonata,0.0175
RUG158.fa,g__CAG-791,0.2787,g__UBA1217,0.0092,s__Lachnospira sp900316325,0.1891
RUG159.fa,g__Bacillus,0.2122,g__Methanobrevibacter_B,0.0189,s__RC9 sp900316045,0.024300000000000002
RUG160.fa,g__CAG-791,0.0752,g__UBA2883,0.0069,s__Prevotella sp900316015,0.0207
RUG161.fa,g__Streptococcus,0.1028,g__UBA1217,0.0086,s__UBA1777 sp900319275,0.0719
RUG162.fa,g__F082,0.1024,g__UBA1217,0.0088,s__UBA7748 sp900314535,0.5476
RUG163.fa,g__CAG-791,0.2884,g__Methanobrevibacter_B,0.107,s__Succinivibrio sp900316175,0.0601
RUG164.fa,g__Prevotella,0.7425,g__UBA2883,0.0066,s__UBA2810 sp900317945,0.0738
RUG165.fa,g__RUG572,0.1516,g__UBA1217,0.009000000000000001,s__UBA1711 sp900317285,0.7506
RUG166.fa,g__UBA3857,0.2008,g__UBA1217,0.0073,s__Ruminococcus_E sp900100595,0.46259999999999996
RUG167.fa,g__UBA1777,0.1975,g__UBA1217,0.006999999999999999,s__Ruminococcus_E sp900314705,0.0922
RUG168.fa,g__Streptococcus,0.141,g__UBA1217,0.009000000000000001,s__Prevotella sp900316015,0.2198
RUG169.fa,g__Prevotella,0.9829,g__UBA1217,0.0088,s__C941 sp900318335,0.0062
RUG170.fa,g__Prevotella,0.4695,g__RUG658,0.0074,s__UBA4334 sp900316505,0.0103
RUG171.fa,g__Prevotella,0.9999,g__UBA1217,0.0075,s__Prevotella copri,0.2553
RUG172.fa,g__Ruminococcus_E,0.8228,g__UBA1217,0.0092,s__UBA1213 sp900322105,0.0662
RUG173.fa,g__Ruminococcus_E,0.9981,g__UBA1217,0.0085,s__C941 sp900318335,0.0128
RUG174.fa,g__Saccharofermentans,0.0583,g__UBA1217,0.0104,s__Prevotella sp900315955,0.0077
RUG175.fa,g__Prevotella,0.9979,g__UBA1217,0.0067,s__RUG420 sp900317985,0.049
RUG176.fa,g__Succiniclasticum,0.9349,g__UBA1217,0.0097,s__Methanobrevibacter_B sp900314605,0.0834
RUG177.fa,g__Streptococcus,0.6336,g__RUG410,0.0068000000000000005,s__Succinivibrio sp900316175,0.06709999999999999
RUG178.fa,g__Lachnospira,0.2223,g__RUG410,0.006999999999999999,s__Selenomonas_C sp900315575,0.0548
RUG179.fa,g__Prevotella,0.3131,g__UBA6398,0.008100000000000001,s__UBA1777 sp900319275,0.061200000000000004
RUG180.fa,g__Oribacterium,0.759,g__UBA1217,0.01,s__Olsenella umbonata,0.059000000000000004
RUG181.fa,g__RC9,0.1233,g__UBA1217,0.01,s__Selenomonas_C bovis,0.0226
RUG182.fa,g__UBA1777,0.0311,g__Fibrobacter,0.0605,s__C941 sp900316835,0.0143
RUG183.fa,g__Methanobrevibacter_B,0.213,g__UBA6398,0.0079,s__Acidaminococcus sp900315205,0.12359999999999999
RUG184.fa,g__Clostridium,0.3567,g__RUG658,0.008,s__Prevotella sp900316015,0.4892
RUG185.fa,g__Prevotella,0.3494,g__Methanobrevibacter_B,0.0133,s__Sharpea azabuensis,0.5303
RUG186.fa,g__Prevotella,0.0988,g__RUG410,0.006999999999999999,s__Lachnospira sp900316325,0.043899999999999995
RUG187.fa,g__Prevotella,0.5598,g__UBA1217,0.0092,s__Bacillus licheniformis,0.005600000000000001
RUG188.fa,g__Prevotella,0.2728,g__UBA1217,0.0102,s__CAG-791 sp900320025,0.0274
RUG189.fa,g__RC9,0.3608,g__UBA1217,0.0089,s__Prevotella sp900316015,0.0874
RUG190.fa,g__Ruminococcus,0.2939,g__RUG410,0.0071,s__Succinivibrio sp900316375,0.1335
RUG191.fa,g__Blautia_A,0.0665,g__Fibrobacter,0.416,s__Ruminobacter amylophilus,0.055
RUG192.fa,g__Blautia_A,0.0589,g__UBA1217,0.0092,s__Bacillus licheniformis,0.009000000000000001
RUG193.fa,g__Campylobacter,0.0473,g__UBA1217,0.008,s__C941 sp900318335,0.0233
RUG194.fa,g__Clostridium,0.2003,g__UBA1217,0.0089,s__Fibrobacter sp900142495,0.0191
RUG195.fa,g__UBA1213,1.0,g__UBA1217,0.0096,s__Ruminobacter amylophilus,0.1315
RUG196.fa,g__RC9,0.0542,g__UBA1217,0.009000000000000001,s__UBA1711 sp900317125,0.0322
RUG197.fa,g__UBA1711,0.4906,g__UBA2883,0.0068000000000000005,s__C941 sp900318335,0.0124
RUG198.fa,g__Ruminococcus_E,0.9997,g__UBA1217,0.0079,s__UBA2810 sp900317945,0.1241
RUG199.fa,g__Prevotella,0.987,g__Fibrobacter,0.2083,s__Prevotella sp900316015,0.3775
RUG200.fa,g__Prevotella,0.9934,g__UBA1217,0.0071,s__Alloprevotella sp900317635,0.021099999999999997
RUG201.fa,g__Prevotella,0.2233,g__Methanobrevibacter_B,0.0144,s__Methanobrevibacter_A sp900319535,0.13269999999999998
RUG202.fa,g__Prevotella,0.9033,g__UBA1217,0.0103,s__Ruminococcus_E sp900316555,0.1783
RUG203.fa,g__Blautia_A,0.123,g__UBA1217,0.0105,s__Megasphaera_B hexanoica,0.0716
RUG204.fa,g__Kandleria,0.0774,g__UBA2883,0.0067,s__UBA4334 sp900316505,0.2737
RUG205.fa,g__RC9,0.9969,g__RUG410,0.0067,s__Ruminococcus_E sp900317315,0.0096
RUG206.fa,g__Prevotella,0.8991,g__Methanobrevibacter_B,0.1098,s__Methanobrevibacter_B sp900314605,0.3926
RUG207.fa,g__Prevotella,0.855,g__Methanobrevibacter_B,0.0449,s__Bacillus licheniformis,0.0168
RUG208.fa,g__Butyrivibrio,0.191,g__UBA1217,0.0093,s__RUG420 sp900317085,0.9242
RUG209.fa,g__Clostridium,0.7407,g__Methanobrevibacter_B,0.0141,s__Prevotella sp900316015,0.1507
RUG210.fa,g__Prevotella,0.2067,g__Methanobrevibacter_B,0.0128,s__Olsenella umbonata,0.09820000000000001
RUG211.fa,g__Agathobacter,0.1811,g__Bifidobacterium,0.0226,s__Prevotella sp900314915,0.0277
RUG212.fa,g__Ruminococcus_D,0.6366,g__UBA1217,0.0107,s__Prevotella sp900316565,0.6271
RUG213.fa,g__UBA7642,0.8807,g__Methanobrevibacter_B,0.0089,s__Sharpea azabuensis,0.1242
RUG214.fa,g__Butyrivibrio,0.0427,g__Methanobrevibacter_B,0.0102,s__Sharpea azabuensis,0.10800000000000001
RUG215.fa,g__Prevotella,0.1884,g__UBA1217,0.0074,s__Bifidobacterium globosum,0.0665
RUG216.fa,g__Prevotella,0.3202,g__Methanobrevibacter_B,0.031,s__Methanobrevibacter_A sp900319535,0.026000000000000002
RUG217.fa,g__Blautia_A,0.9909,g__RUG658,0.0096,s__Ruminococcus_E sp900317315,0.1635
RUG218.fa,g__CAG-791,0.0488,g__UBA1217,0.006999999999999999,s__Ruminococcus_E sp900317315,0.9001
RUG219.fa,g__RC9,0.3969,g__UBA1217,0.0089,s__Prevotella sp900317685,0.1681
RUG220.fa,g__CAG-791,0.1138,g__Methanobrevibacter_B,0.021,s__UBA629 sp900317915,0.0128
RUG221.fa,g__Ruminococcus_C,0.2284,g__UBA1217,0.0102,s__Prevotella copri,0.059800000000000006
RUG222.fa,g__Ottowia,0.0472,g__UBA1217,0.006999999999999999,s__Sharpea azabuensis,0.3046
RUG223.fa,g__Prevotella,0.0457,g__Methanobrevibacter_B,0.019,s__Ruminococcus_E sp900100595,0.054299999999999994
RUG224.fa,g__RUG572,0.1772,g__Fibrobacter,0.063,s__Prevotella sp900316015,0.0599
RUG225.fa,g__CAG-791,0.1283,g__RUG410,0.0067,s__Bacillus licheniformis,0.0132
RUG226.fa,g__Streptococcus,0.5597,g__UBA1217,0.0069,s__Prevotella sp900316295,0.021400000000000002
RUG227.fa,g__Prevotella,0.3082,g__Methanobrevibacter_B,0.0215,s__UBA1711 sp900319865,0.018500000000000003
RUG228.fa,g__UBA1711,0.9817,g__UBA1217,0.0097,s__Prevotella sp900316015,0.0364
RUG229.fa,g__UBA1081,0.1792,g__Methanobrevibacter_B,0.0137,s__Prevotella sp900316565,0.5351
RUG230.fa,g__Blautia_A,0.0669,g__UBA1217,0.0099,s__Bacillus licheniformis,0.0231
RUG231.fa,g__Prevotella,0.0676,g__UBA1217,0.0099,s__UBA1711 sp900317125,0.0239
RUG232.fa,g__Streptococcus,0.1618,g__UBA1217,0.0076,s__Olsenella umbonata,0.0745
RUG233.fa,g__Fibrobacter,0.0607,g__RUG410,0.0066,s__Megasphaera_B hexanoica,0.5433
RUG234.fa,g__Succinivibrio,0.7818,g__UBA1217,0.0097,s__UBA1213 sp900316925,0.0089
RUG235.fa,g__Prevotella,0.9972,g__UBA1217,0.0091,s__Ruminococcus_E sp900317315,0.2014
RUG236.fa,g__RC9,0.4766,g__Methanobrevibacter_B,0.013500000000000002,s__Methanobrevibacter_B sp900314605,0.3106
RUG237.fa,g__Butyrivibrio,0.042,g__UBA1217,0.0104,s__Acidaminococcus fermentans,0.5105
RUG238.fa,g__CAG-83,0.306,g__RUG410,0.006999999999999999,s__Bifidobacterium globosum,0.0766
RUG239.fa,g__Prevotella,0.972,g__UBA1217,0.0071,s__Olsenella umbonata,0.019
RUG240.fa,g__Ruminococcus,0.1647,g__Methanobrevibacter_B,0.0241,s__Methanobrevibacter_A sp900319535,0.12
RUG241.fa,g__Prevotella,0.3321,g__UBA2883,0.0068000000000000005,s__Prevotella sp900316015,0.006500000000000001
RUG242.fa,g__UBA1777,0.1309,g__RUG410,0.0066,s__Prevotella sp900314915,0.0104
RUG243.fa,g__ER4,0.1436,g__Methanobrevibacter_B,0.0442,s__Sharpea azabuensis,0.0849
RUG244.fa,g__Fibrobacter,1.0,g__Methanobrevibacter_B,0.0823,s__Prevotella sp900314755,0.0137
RUG245.fa,g__RC9,0.1189,g__Fibrobacter,0.0249,s__C941 sp900318335,0.0068000000000000005
RUG246.fa,g__RUG592,0.8116,g__Methanobrevibacter_B,0.0424,s__Prevotella copri,0.3483
RUG247.fa,g__F082,0.3015,g__UBA2883,0.0067,s__RC9 sp900316045,0.0326
RUG248.fa,g__Blautia_A,0.2272,g__UBA1217,0.0098,s__UBA1213 sp900322145,0.4204
RUG249.fa,g__Streptococcus,0.0657,g__UBA1217,0.0097,s__C941 sp900320055,0.0739
RUG250.fa,g__Bulleidia,0.0836,g__UBA1217,0.0092,s__Olsenella umbonata,0.0418
RUG251.fa,g__RC9,0.1687,g__RUG658,0.0095,s__Bacillus licheniformis,0.0663
RUG252.fa,g__Ruminococcus_E,0.8542,g__UBA1217,0.0097,s__RC9 sp900316045,0.35810000000000003
RUG253.fa,g__Succinivibrio,0.5785,g__UBA1217,0.0098,s__Prevotella sp900318855,0.0076
RUG254.fa,g__Fibrobacter,0.0497,g__UBA1217,0.0099,s__Sharpea azabuensis,0.0369
RUG255.fa,g__Prevotella,0.3195,g__UBA1217,0.0095,s__Olsenella umbonata,0.3043
RUG256.fa,g__RC9,0.6171,g__Methanobrevibacter_B,0.0363,s__Methanobrevibacter_A sp900319535,0.0818
RUG257.fa,g__Desulfovibrio,0.1184,g__RUG410,0.0071,s__CAG-791 sp900317555,0.0252
RUG258.fa,g__Prevotella,0.9418,g__UBA2810,0.34130000000000005,s__RUG420 sp900317085,0.9958
RUG259.fa,g__UBA1777,0.2189,g__UBA2883,0.0067,s__Prevotella sp900316015,0.0365
RUG260.fa,g__UBA1711,0.5034,g__RUG658,0.0089,s__Methanobrevibacter_A sp900319535,0.0969
RUG261.fa,g__Eubacterium_H,0.138,g__UBA2883,0.0071,s__Bacillus licheniformis,0.1036
RUG262.fa,g__RUG572,0.1072,g__UBA1217,0.0101,s__Sharpea azabuensis,0.2618
RUG263.fa,g__Prevotella,0.9932,g__UBA1217,0.006999999999999999,s__ER4 sp900317525,0.0907
RUG264.fa,g__Streptococcus,0.2415,g__Bifidobacterium,0.0096,s__Selenomonas_C sp900314825,0.5417000000000001
RUG265.fa,g__Bulleidia,0.537,g__Bifidobacterium,0.0206,s__UBA2922 sp900313925,0.0793
RUG266.fa,g__CAG-791,0.1868,g__UBA1217,0.0092,s__Ruminococcus_E sp900317315,0.17309999999999998
RUG267.fa,g__Prevotella,0.3295,g__UBA1217,0.0096,s__Prevotella sp900316295,0.0584
RUG268.fa,g__RC9,0.9971,g__UBA1217,0.0098,s__Olsenella umbonata,0.0187
RUG269.fa,g__Prevotella,0.1001,g__RUG410,0.0071,s__C941 sp900318335,0.0337
RUG270.fa,g__NK3B98,0.0256,g__RUG658,0.0094,s__Sharpea azabuensis,0.257
RUG271.fa,g__CAG-791,0.2104,g__UBA1217,0.009000000000000001,s__Sharpea azabuensis,0.3246
RUG272.fa,g__Prevotella,1.0,g__UBA1217,0.0098,s__C941 sp900318335,0.005600000000000001
RUG273.fa,g__Prevotella,0.1427,g__UBA1217,0.0104,s__C941 sp900318335,0.021099999999999997
RUG274.fa,g__Butyrivibrio,0.1427,g__UBA1217,0.0096,s__Ruminococcus_E sp900317315,0.0412
RUG275.fa,g__RC9,0.7972,g__RUG410,0.006999999999999999,s__Ruminococcus_E sp900317315,0.039900000000000005
RUG276.fa,g__Ruminococcus,0.0885,g__UBA1217,0.0086,s__RUG572 sp900320225,0.0766
RUG277.fa,g__UBA7748,0.1276,g__UBA1217,0.0102,s__UBA2810 sp900317945,0.1594
RUG278.fa,g__UBA1777,0.44,g__UBA1217,0.0096,s__Bacillus licheniformis,0.009399999999999999
RUG279.fa,g__Prevotella,0.9798,g__UBA1217,0.0098,s__C941 sp900318335,0.0748
RUG280.fa,g__Prevotella,0.0776,g__UBA1217,0.0098,s__Prevotella sp900317685,0.0725
RUG281.fa,g__CAG-791,0.0703,g__UBA1217,0.0099,s__Selenomonas_C sp900314825,0.009899999999999999
RUG282.fa,g__Prevotella,0.2193,g__RUG410,0.0066,s__UBA1777 sp900317375,0.2736
RUG283.fa,g__Blautia_A,0.048,g__UBA1217,0.0095,s__CAG-791 sp900318875,0.5168
RUG284.fa,g__Ottowia,0.1037,g__Methanobrevibacter_B,0.0119,s__Fibrobacter sp900142495,0.36450000000000005
RUG285.fa,g__Lachnospira,0.17600000000000002,g__UBA1217,0.0088,s__Sharpea azabuensis,0.9804
RUG286.fa,g__Bacillus,0.6552,g__UBA1217,0.0084,s__Methanobrevibacter_A sp900319535,0.0653
RUG287.fa,g__Prevotella,0.9992,g__UBA1217,0.0096,s__Sharpea azabuensis,0.3321
RUG288.fa,g__Prevotella,0.1398,g__UBA1217,0.0099,s__C941 sp900318335,0.011399999999999999
RUG289.fa,g__Streptococcus,0.1012,g__RUG658,0.008199999999999999,s__RC9 sp900316045,0.1241
RUG290.fa,g__RC9,0.5724,g__UBA1217,0.0087,s__Ruminococcus_E sp900317315,0.1527
RUG291.fa,g__Bifidobacterium,0.4077,g__UBA2883,0.0067,s__Agathobacter faecis,0.1104
RUG292.fa,g__Fibrobacter,0.9995,g__UBA1217,0.0088,s__Ruminobacter amylophilus,0.1104
RUG293.fa,g__UBA1777,0.1295,g__Methanobrevibacter_B,0.0456,s__Methanobrevibacter_A sp900319535,0.0296
RUG294.fa,g__Blautia_A,0.0644,g__RUG410,0.0071,s__Ruminococcus_E sp900317315,0.0106
RUG295.fa,g__Prevotella,0.0785,g__RUG410,0.0067,s__Prevotella sp900315775,0.0139
RUG296.fa,g__Prevotella,0.0945,g__RUG658,0.0072,s__Sharpea azabuensis,0.0394
RUG297.fa,g__RC9,0.237,g__RUG410,0.0067,s__Lachnospira sp900316325,0.07440000000000001
RUG298.fa,g__Succiniclasticum,0.0655,g__UBA1217,0.0099,s__RC9 sp900316045,0.036699999999999997
RUG299.fa,g__Clostridium,0.4938,g__RUG658,0.009000000000000001,s__C941 sp900316835,0.028999999999999998
RUG300.fa,g__Succiniclasticum,0.999,g__UBA1217,0.0104,s__RUG420 sp900317985,0.0327
RUG301.fa,g__Prevotella,0.1484,g__RUG658,0.008100000000000001,s__Prevotella sp900314365,0.0139
RUG302.fa,g__Treponema_D,0.4127,g__UBA1217,0.009000000000000001,s__Prevotella sp900316295,0.0751
RUG303.fa,g__Methanobrevibacter_B,0.1682,g__UBA1217,0.008199999999999999,s__Olsenella umbonata,0.0541
RUG304.fa,g__Ruminococcus,0.2621,g__UBA1217,0.0085,s__Ruminococcus_E sp900100595,0.0699
RUG305.fa,g__Prevotella,0.7112,g__Bifidobacterium,0.0167,s__Ruminobacter amylophilus,0.0863
RUG306.fa,g__Prevotella,0.2322,g__Fibrobacter,0.0601,s__Prevotella sp900316015,0.2293
RUG307.fa,g__Prevotella,0.0725,g__RUG410,0.0072,s__Prevotella sp900315775,0.1051
RUG308.fa,g__C941,0.2589,g__UBA1217,0.0084,s__Megasphaera_B hexanoica,0.1576
RUG309.fa,g__Clostridium,0.1047,g__UBA1217,0.0093,s__Megasphaera_B hexanoica,0.27390000000000003
RUG310.fa,g__Prevotella,0.0419,g__Fibrobacter,0.0733,s__Alloprevotella sp900317635,0.5169
RUG311.fa,g__UBA1213,1.0,g__Fibrobacter,0.1458,s__ER4 sp900317525,0.1406
RUG312.fa,g__Prevotella,0.4968,g__UBA1217,0.0103,s__Prevotella sp900320255,0.068
RUG313.fa,g__Prevotella,0.1141,g__UBA1217,0.006500000000000001,s__Acidaminococcus sp900315205,0.0347
RUG314.fa,g__UBA3857,0.07400000000000001,g__UBA1217,0.0083,s__C941 sp900316835,0.0236
RUG315.fa,g__CAG-791,0.5206,g__UBA1217,0.0095,s__Prevotella sp900314755,0.056100000000000004
RUG316.fa,g__UBA1067,0.1569,g__UBA1217,0.0095,s__Olsenella umbonata,0.04650000000000001
RUG317.fa,g__Prevotella,0.0986,g__UBA1217,0.0109,s__Prevotella sp900317685,0.1932
RUG318.fa,g__CAG-791,0.0855,g__UBA1217,0.008,s__Prevotella sp900317685,0.34159999999999996
RUG319.fa,g__Clostridium,0.2162,g__Methanobrevibacter_B,0.0292,s__Kandleria sp900317725,0.9765999999999999
RUG320.fa,g__Prevotella,0.335,g__UBA1217,0.0076,s__UBA1777 sp900317375,0.2419
RUG321.fa,g__RUG420,0.9738,g__UBA1217,0.0094,s__Ruminococcus_E sp900100595,0.034
RUG322.fa,g__Prevotella,0.2071,g__RUG410,0.0067,s__Prevotella sp900317685,0.1066
RUG323.fa,g__Succinivibrio,0.9946,g__RUG658,0.008,s__Sharpea azabuensis,0.0322
RUG324.fa,g__Streptococcus,0.0588,g__UBA1217,0.0092,s__UBA1711 sp900317285,0.0083
RUG325.fa,g__Eubacterium_Q,0.036000000000000004,g__UBA1217,0.0103,s__UBA1711 sp900317125,0.43450000000000005
RUG326.fa,g__Prevotella,0.0727,g__UBA1217,0.0088,s__UBA1711 sp900317125,0.4986
RUG327.fa,g__F082,0.1444,g__UBA1217,0.0066,s__Methanobrevibacter_A sp900319535,0.0742
RUG328.fa,g__F082,0.9926,g__UBA1217,0.0088,s__Ruminococcus_E sp900317315,0.0508
RUG329.fa,g__Prevotella,0.062,g__UBA1217,0.0077,s__C941 sp900318335,0.0408
RUG330.fa,g__Ruminococcus,0.4933,g__Methanobrevibacter_B,0.018000000000000002,s__C941 sp900318335,0.0354
RUG331.fa,g__UBA1066,0.1617,g__UBA1217,0.0098,s__UBA1066 sp900315305,0.0132
RUG332.fa,g__Prevotella,0.1402,g__Bifidobacterium,0.0169,s__RUG420 sp900317985,0.22940000000000002
RUG333.fa,g__Prevotella,0.0688,g__Methanobrevibacter_B,0.0223,s__Bulleidia massiliensis,0.0131
RUG334.fa,g__Prevotella,0.1083,g__UBA1217,0.0109,s__Succinivibrio sp900316175,0.0509
RUG335.fa,g__RC9,0.1008,g__UBA1217,0.0089,s__RC9 sp900316045,0.08810000000000001
RUG336.fa,g__Prevotella,0.1156,g__UBA1217,0.0076,s__Sharpea azabuensis,0.0962
RUG337.fa,g__Prevotella,0.0826,g__RUG658,0.0086,s__UBA1711 sp900319865,0.0118
RUG338.fa,g__Streptococcus,0.852,g__Methanobrevibacter_B,0.0531,s__Methanobrevibacter_B sp900314605,0.1635
RUG339.fa,g__Prevotella,0.2199,g__UBA1217,0.0104,s__Methanobrevibacter_A sp900319535,0.0269
RUG340.fa,g__Ruminococcus_E,0.8582,g__UBA1217,0.008,s__UBA2862 sp900318045,0.9934999999999999
RUG341.fa,g__C941,0.6198,g__UBA1217,0.0075,s__Ruminococcus_E sp900317315,0.9787
RUG342.fa,g__UBA1711,0.9612,g__UBA1217,0.0094,s__Fibrobacter sp900142495,0.015700000000000002
RUG343.fa,g__Prevotella,0.518,g__Methanobrevibacter_B,0.1656,s__Lachnospira sp900316325,0.0462
RUG344.fa,g__Prevotella,0.7674,g__UBA1217,0.0073,s__Prevotella sp900316015,0.059699999999999996
RUG345.fa,g__UBA1777,0.3322,g__UBA1217,0.0089,s__Ruminococcus_E sp900317315,0.0688
RUG346.fa,g__RC9,0.7995,g__UBA1217,0.0093,s__C941 sp900316835,0.0259
RUG347.fa,g__RUG369,0.6911,g__Fibrobacter,0.1088,s__UBA2810 sp900317945,1.0
RUG348.fa,g__RC9,0.3936,g__UBA1217,0.0102,s__Ruminococcus_E sp900314795,0.0167
RUG349.fa,g__Streptococcus,0.0504,g__Methanobrevibacter_B,0.1377,s__Prevotella sp900318625,0.0368
RUG350.fa,g__Blautia_A,0.0932,g__UBA2883,0.0068000000000000005,s__UBA1213 sp900315465,0.0069
RUG351.fa,g__ER4,0.1614,g__UBA1217,0.008199999999999999,s__Olsenella umbonata,0.1407
RUG352.fa,g__Treponema_D,0.0475,g__UBA1217,0.0074,s__Ruminobacter amylophilus,0.0085
RUG353.fa,g__Prevotella,0.0567,g__UBA1217,0.0091,s__RC9 sp900316045,0.2057
RUG354.fa,g__UBA1213,0.8169,g__Bifidobacterium,0.0193,s__C941 sp900318065,0.9495999999999999
RUG355.fa,g__Prevotella,0.1466,g__UBA1217,0.0078,s__Prevotella sp900322175,0.1589
RUG356.fa,g__Acetatifactor,0.044,g__RUG410,0.0069,s__RC9 sp900316045,0.0716
RUG357.fa,g__Ruminococcus_C,0.062,g__Fibrobacter,0.0991,s__Prevotella sp900314755,0.009399999999999999
RUG358.fa,g__Prevotella,0.9701,g__RUG410,0.0066,s__Prevotella sp900316015,0.0282
RUG359.fa,g__Clostridium,0.9684,g__UBA1217,0.0098,s__RC9 sp900316045,0.2638
RUG360.fa,g__Treponema_D,0.0997,g__UBA1217,0.0098,s__Succinivibrio sp900316175,0.0317
RUG361.fa,g__Prevotella,0.1937,g__RUG410,0.0067,s__Megasphaera_B hexanoica,0.09880000000000001
RUG362.fa,g__RC9,0.2255,g__Bifidobacterium,0.0102,s__Dialister sp900314595,0.0837
RUG363.fa,g__UBA1066,0.4712,g__Fibrobacter,0.2602,s__Ruminococcus_E sp900317315,0.0067
RUG364.fa,g__Prevotella,0.9562,g__RUG410,0.0068000000000000005,s__Ruminococcus_E sp900317315,0.0089
RUG365.fa,g__Prevotella,0.2625,g__Methanobrevibacter_B,0.0221,s__Ruminococcus_E sp900317315,0.1128
RUG366.fa,g__Prevotella,0.2006,g__UBA1217,0.0077,s__Agathobacter faecis,0.222
RUG367.fa,g__CAG-791,0.3501,g__UBA1217,0.0102,s__Prevotella sp900316015,0.0664
RUG368.fa,g__Fibrobacter,0.1313,g__UBA1217,0.0095,s__Sharpea azabuensis,0.09609999999999999
RUG369.fa,g__Prevotella,0.054000000000000006,g__UBA1217,0.0104,s__UBA5026 sp900313725,0.0149
RUG370.fa,g__Prevotella,0.4744,g__UBA1217,0.0087,s__Megasphaera_B hexanoica,0.1416
RUG371.fa,g__Ruminococcus_E,0.0801,g__UBA1217,0.008199999999999999,s__Olsenella umbonata,0.0253
RUG372.fa,g__Prevotella,0.126,g__UBA1217,0.0084,s__Ruminobacter amylophilus,0.0359
RUG373.fa,g__Alloprevotella,0.9944,g__UBA1217,0.0068000000000000005,s__Prevotella sp900316015,0.0955
RUG374.fa,g__RUG572,0.4901,g__RUG410,0.0069,s__CAG-536 sp900314505,0.9817
RUG375.fa,g__RC9,0.5976,g__RUG658,0.0093,s__Lachnospira eligens_B,0.0398
RUG376.fa,g__Streptococcus,0.0465,g__UBA1217,0.0103,s__Methanobrevibacter_A sp900319535,0.0329
RUG377.fa,g__Bulleidia,0.1779,g__UBA1217,0.0068000000000000005,s__UBA2862 sp900315585,0.038
RUG378.fa,g__Prevotella,0.6249,g__RUG410,0.0066,s__Prevotella copri,0.33770000000000006
RUG379.fa,g__RC9,0.0621,g__UBA1217,0.0106,s__Prevotella sp900316015,0.0529
RUG380.fa,g__Prevotella,0.6683,g__RUG658,0.0098,s__CAG-103 sp900317855,0.0736
RUG381.fa,g__Prevotella,0.9579,g__UBA1217,0.0096,s__Ruminococcus_E sp900317315,0.0382
RUG382.fa,g__Clostridium,0.1095,g__UBA1217,0.0071,s__Ruminococcus_E sp900317315,0.1207
RUG383.fa,g__CAG-791,0.0542,g__UBA1217,0.01,s__Prevotella sp900316295,0.0672
RUG384.fa,g__F082,0.069,g__UBA1217,0.0078,s__Megasphaera_B hexanoica,0.2207
RUG385.fa,g__Streptococcus,0.0717,g__RUG410,0.0067,s__Ruminococcus_E sp900317315,0.1866
RUG386.fa,g__Prevotella,0.1918,g__RUG658,0.0098,s__RC9 sp900316045,0.0953
RUG387.fa,g__F082,0.415,g__UBA1217,0.0092,s__Methanobrevibacter_A sp900319535,0.0645
RUG388.fa,g__RC9,0.1216,g__UBA1217,0.0092,s__Olsenella umbonata,0.0315
RUG389.fa,g__Prevotella,0.2215,g__UBA1217,0.0088,s__UBA2810 sp900317945,0.2416
RUG390.fa,g__UBA1213,0.9866,g__UBA1217,0.008100000000000001,s__Prevotella sp900316015,0.321
RUG391.fa,g__Streptococcus,0.0895,g__Fibrobacter,0.0326,s__UBA1777 sp900319275,0.0218
RUG392.fa,g__Prevotella,0.2161,g__UBA1217,0.0085,s__RUG572 sp900320225,0.09230000000000001
RUG393.fa,g__C941,0.2908,g__UBA1217,0.0093,s__Fibrobacter sp900142495,0.037000000000000005
RUG394.fa,g__RC9,0.738,g__UBA1217,0.0091,s__CAG-791 sp900320325,0.0639
RUG395.fa,g__UBA1777,0.1871,g__RUG658,0.01,s__Olsenella umbonata,0.0409
RUG396.fa,g__Ruminococcus_E,0.9497,g__UBA1217,0.0087,s__Ruminobacter amylophilus,0.325
RUG397.fa,g__Streptococcus,0.6515,g__Methanobrevibacter_B,0.0528,s__UBA4334 sp900316505,0.26890000000000003
RUG398.fa,g__Butyrivibrio,0.4328,g__Methanobrevibacter_B,0.01,s__RC9 sp900316045,0.2011
RUG399.fa,g__Butyrivibrio,0.7272,g__UBA2810,0.7818999999999999,s__UBA2810 sp900317945,0.9990000000000001
RUG400.fa,g__F082,0.3189,g__RUG658,0.0087,s__Prevotella sp900314945,0.0139
RUG401.fa,g__Methanobrevibacter_A,0.4365,g__UBA1217,0.0106,s__Prevotella sp900314915,0.03
RUG402.fa,g__Prevotella,0.1636,g__UBA1217,0.0077,s__RUG420 sp900317985,0.1422
RUG403.fa,g__UBA2862,0.9999,g__UBA2883,0.0067,s__Prevotella sp900314755,0.0317
RUG404.fa,g__CAG-791,0.0693,g__UBA1217,0.0096,s__Acidaminococcus fermentans,0.46149999999999997
RUG405.fa,g__Ruminococcus_D,0.0919,g__UBA1217,0.0094,s__C941 sp900320055,0.029900000000000003
RUG406.fa,g__Clostridium,0.3864,g__RUG658,0.008199999999999999,s__Ruminococcus_E sp900317315,0.06309999999999999
RUG407.fa,g__Clostridium,0.1673,g__UBA1217,0.0086,s__UBA1711 sp900317285,0.006999999999999999
RUG408.fa,g__Prevotella,0.3758,g__UBA1217,0.0101,s__UBA2810 sp900317945,0.431
RUG409.fa,g__Prevotella,0.1567,g__UBA1217,0.008199999999999999,s__C941 sp900318335,0.0139
RUG410.fa,g__UBA2912,0.29100000000000004,g__UBA1217,0.0072,s__Sharpea azabuensis,0.0793
RUG411.fa,g__Prevotella,0.424,g__RUG410,0.0072,s__Megasphaera_B hexanoica,0.3514
RUG412.fa,g__Streptococcus,0.4733,g__UBA1217,0.0083,s__C941 sp900318335,0.0975
RUG413.fa,g__Ruminococcus_E,0.0776,g__Methanobrevibacter_B,0.0222,s__Lachnospira eligens_B,0.47869999999999996
RUG414.fa,g__Oribacterium,0.0782,g__UBA1217,0.0089,s__Methanobrevibacter_A sp900319535,0.0446
RUG415.fa,g__RC9,0.2842,g__UBA1217,0.0074,s__Prevotella sp900317685,0.09849999999999999
RUG416.fa,g__RC9,0.1183,g__Fibrobacter,0.0567,s__C941 sp900318335,0.0137
RUG417.fa,g__Prevotella,0.6295,g__UBA1217,0.008199999999999999,s__Dialister sp900314595,0.0138
RUG418.fa,g__Prevotella,0.9977,g__Methanobrevibacter_B,0.0452,s__Prevotella sp900316015,0.259
RUG419.fa,g__CAG-791,0.064,g__UBA1217,0.0079,s__Prevotella sp900317685,0.835
RUG420.fa,g__Clostridium,0.1157,g__RUG410,0.0067,s__UBA2810 sp900317945,0.1479
RUG421.fa,g__F082,0.9083,g__UBA1217,0.0098,s__Bifidobacterium globosum,0.0379
RUG422.fa,g__Prevotella,0.3277,g__UBA1217,0.008199999999999999,s__RUG420 sp900317985,0.0688
RUG423.fa,g__Bifidobacterium,0.1834,g__Methanobrevibacter_B,0.0169,s__Prevotella sp900315955,0.5939
RUG424.fa,g__CAG-791,0.217,g__UBA1217,0.0087,s__Prevotella sp900320255,0.027200000000000002
RUG425.fa,g__Prevotella,0.2777,g__UBA1217,0.0085,s__Bacillus licheniformis,0.0155
RUG426.fa,g__CAG-791,0.1487,g__UBA1217,0.0103,s__CAG-791 sp900320025,0.0636
RUG427.fa,g__Ruminococcus_E,0.0689,g__UBA2883,0.0068000000000000005,s__CAG-103 sp900317855,0.02
RUG428.fa,g__Clostridium,0.1846,g__UBA1217,0.008,s__RUG420 sp900317985,0.0197
RUG429.fa,g__Ruminococcus_E,0.8568,g__RUG658,0.0087,s__Prevotella sp900320255,0.0288
RUG430.fa,g__RUG369,0.1691,g__UBA1217,0.0087,s__Prevotella copri,0.0981
RUG431.fa,g__Prevotella,0.1684,g__UBA1217,0.008199999999999999,s__Bifidobacterium globosum,0.048499999999999995
RUG432.fa,g__RUG369,0.5064,g__UBA1217,0.0071,s__UBA1711 sp900319865,0.0085
RUG433.fa,g__Ruminococcus_E,0.7944,g__UBA1217,0.0095,s__UBA2810 sp900317945,0.073
RUG434.fa,g__RUG572,0.1543,g__UBA1217,0.0103,s__Prevotella sp900315955,0.0233
RUG435.fa,g__Alloprevotella,0.4045,g__UBA1217,0.0083,s__Ruminobacter amylophilus,0.022799999999999997
RUG436.fa,g__Prevotella,0.5199,g__UBA1217,0.0097,s__Prevotella sp900315955,0.053200000000000004
RUG437.fa,g__Ruminococcus_E,0.1102,g__RUG658,0.0073,s__Ruminococcus_E sp900317315,0.0177
RUG438.fa,g__UBA1066,0.3694,g__UBA1217,0.0092,s__Prevotella copri,0.0172
RUG439.fa,g__Prevotella,0.3397,g__UBA1217,0.0094,s__Olsenella umbonata,0.3132
RUG440.fa,g__UBA1711,0.8426,g__UBA1217,0.0067,s__Olsenella umbonata,0.0944
RUG441.fa,g__RC9,0.6834,g__Methanobrevibacter_B,0.0129,s__Methanobrevibacter_A sp900319535,0.029300000000000003
RUG442.fa,g__Prevotella,0.8638,g__UBA1217,0.0088,s__Prevotella sp900320255,0.0143
RUG443.fa,g__F082,0.2948,g__RUG410,0.0068000000000000005,s__Prevotella sp900316015,0.0115
RUG444.fa,g__Lachnospira,0.6148,g__UBA1217,0.0085,s__CAG-791 sp900318875,0.1674
RUG445.fa,g__Prevotella,0.2243,g__UBA1217,0.0077,s__C941 sp900318335,0.0223
RUG446.fa,g__Prevotella,0.4951,g__RUG658,0.0074,s__ER4 sp900317525,0.0139
RUG447.fa,g__Prevotella,0.0944,g__UBA1217,0.0098,s__Sharpea azabuensis,0.009300000000000001
RUG448.fa,g__RC9,0.0577,g__UBA2883,0.006999999999999999,s__RC9 sp900316045,0.2986
RUG449.fa,g__Ruminococcus_E,0.0483,g__UBA1217,0.0079,s__RUG420 sp900317985,0.042800000000000005
RUG450.fa,g__RC9,0.8314,g__UBA1217,0.01,s__Eubacterium_Q ruminantium,0.0611
RUG451.fa,g__Prevotella,0.0964,g__UBA1217,0.009000000000000001,s__Prevotella sp900314755,0.0096
RUG452.fa,g__Prevotella,0.0913,g__UBA1217,0.0091,s__RUG420 sp900317985,0.11560000000000001
RUG453.fa,g__F082,0.9233,g__RUG410,0.0067,s__ER4 sp900317525,0.0417
RUG454.fa,g__CAG-791,0.1224,g__UBA1217,0.0084,s__Prevotella sp900315775,0.038
RUG455.fa,g__RC9,0.9927,g__UBA1217,0.0092,s__Prevotella sp900314755,0.0669
RUG456.fa,g__Ruminococcus_D,0.8102,g__UBA1217,0.0074,s__Prevotella copri,0.15380000000000002
RUG457.fa,g__UBA1777,0.2672,g__RUG658,0.008199999999999999,s__Prevotella copri,0.374
RUG458.fa,g__RC9,0.9391,g__RUG658,0.0096,s__Ruminococcus_E sp900100595,0.10890000000000001
RUG459.fa,g__Prevotella,0.7384,g__UBA1217,0.0098,s__Prevotella copri,0.9669
RUG460.fa,g__F082,0.2729,g__RUG410,0.0068000000000000005,s__Bacillus licheniformis,0.0086
RUG461.fa,g__Prevotella,0.0779,g__UBA1217,0.01,s__Olsenella umbonata,0.04190000000000001
RUG462.fa,g__UBA2810,0.5367,g__UBA1217,0.01,s__Olsenella umbonata,0.0217
RUG463.fa,g__CAG-791,0.0388,g__UBA1217,0.0097,s__UBA1777 sp900317375,0.19519999999999998
RUG464.fa,g__Prevotella,0.5251,g__UBA1217,0.0069,s__Sharpea azabuensis,0.2212
RUG465.fa,g__CAG-791,0.0518,g__Bifidobacterium,0.0121,s__Prevotella sp900316265,0.018799999999999997
RUG466.fa,g__Prevotella,0.9891,g__UBA1217,0.0108,s__Olsenella umbonata,0.2018
RUG467.fa,g__Prevotella,0.1335,g__UBA2883,0.006999999999999999,s__Acidaminococcus fermentans,0.1868
RUG468.fa,g__Prevotella,0.9626,g__UBA1217,0.0089,s__Ruminococcus_E sp900317315,0.6077
RUG469.fa,g__RC9,0.8076,g__UBA1217,0.0085,s__Prevotella sp900315835,0.018799999999999997
RUG470.fa,g__Prevotella,0.4992,g__UBA1217,0.009000000000000001,s__C941 sp900318335,0.0181
RUG471.fa,g__RC9,0.0752,g__UBA1217,0.0088,s__Ruminobacter amylophilus,0.7936
RUG472.fa,g__CAG-791,0.0775,g__Fibrobacter,0.07150000000000001,s__Olsenella umbonata,0.049100000000000005
RUG473.fa,g__Butyrivibrio,0.206,g__UBA1217,0.0095,s__Olsenella umbonata,0.0229
RUG474.fa,g__Oribacterium,0.8275,g__UBA1217,0.008199999999999999,s__Prevotella sp900318625,0.655
RUG475.fa,g__C941,0.7976,g__Methanobrevibacter_B,0.0134,s__Succinivibrio sp900316375,0.5429999999999999
RUG476.fa,g__Prevotella,0.3602,g__UBA1217,0.008199999999999999,s__Methanobrevibacter_A sp900319535,0.0326
RUG477.fa,g__Prevotella,0.4831,g__UBA1217,0.0077,s__UBA4334 sp900316975,0.0421
RUG478.fa,g__RC9,0.0787,g__Fibrobacter,0.1729,s__C941 sp900320055,0.0125
RUG479.fa,g__RUG572,0.2092,g__RUG658,0.0094,s__Prevotella sp900316015,0.1613
RUG480.fa,g__RC9,0.5749,g__UBA1217,0.0103,s__RUG420 sp900317985,0.0904
RUG481.fa,g__UBA4334,0.75,g__UBA1217,0.0096,s__UBA2810 sp900317945,0.16949999999999998
RUG482.fa,g__Prevotella,0.7556,g__UBA1217,0.0104,s__RC9 sp900316045,0.2729
RUG483.fa,g__UBA1777,0.0795,g__UBA1217,0.011,s__Ruminococcus sp900319195,0.0471
RUG484.fa,g__Streptococcus,0.1731,g__Methanobrevibacter_B,0.0105,s__Prevotella sp900314755,0.0326
RUG485.fa,g__Prevotella,0.1408,g__UBA1217,0.0092,s__Prevotella sp900314365,0.026000000000000002
RUG486.fa,g__Prevotella,0.7533,g__Methanobrevibacter_B,0.0965,s__C941 sp900318335,0.016
RUG487.fa,g__Prevotella,0.9461,g__UBA1217,0.0088,s__Fibrobacter sp900142495,0.0737
RUG488.fa,g__Ruminococcus,0.4259,g__UBA1217,0.0101,s__Sharpea azabuensis,0.0591
RUG489.fa,g__Prevotella,0.0548,g__UBA1217,0.008100000000000001,s__Prevotella sp900318625,0.0091
RUG490.fa,g__CAG-791,0.1416,g__UBA1217,0.0084,s__C941 sp900318065,0.32630000000000003
RUG491.fa,g__Prevotella,0.1025,g__UBA1217,0.008100000000000001,s__C941 sp900318065,0.020099999999999996
RUG492.fa,g__C941,0.5413,g__Methanobrevibacter_B,0.1199,s__Methanobrevibacter_B sp900314605,0.1555
RUG493.fa,g__Prevotella,0.9165,g__UBA1217,0.0076,s__Methanobrevibacter_A sp900319535,0.10339999999999999
RUG494.fa,g__Prevotella,0.8279,g__UBA1217,0.0099,s__Prevotella sp900316295,0.0737
RUG495.fa,g__UBA1066,0.0699,g__UBA2883,0.0069,s__Prevotella copri,0.222
RUG496.fa,g__CAG-791,0.2783,g__Methanobrevibacter_B,0.0143,s__Sharpea azabuensis,0.1362
RUG497.fa,g__C941,0.3337,g__UBA1217,0.0092,s__Fibrobacter sp900142495,0.2788
RUG498.fa,g__Prevotella,0.1022,g__UBA1217,0.0075,s__Bulleidia massiliensis,0.0121
RUG499.fa,g__RC9,0.9996,g__UBA1217,0.009000000000000001,s__Methanobrevibacter_A sp900319535,0.0184
RUG500.fa,g__Prevotella,0.5612,g__UBA1217,0.0083,s__Olsenella umbonata,0.026099999999999998
RUG501.fa,g__CAG-791,0.0903,g__UBA1217,0.0068000000000000005,s__Methanobrevibacter_A sp900319535,0.17190000000000003
RUG502.fa,g__UBA1067,0.1392,g__UBA1217,0.0097,s__Prevotella sp900316015,0.0175
RUG503.fa,g__UBA1711,0.2026,g__UBA1217,0.0092,s__Bacillus licheniformis,0.018500000000000003
RUG504.fa,g__Campylobacter,0.1097,g__UBA1217,0.0108,s__Prevotella sp900316015,0.02
RUG505.fa,g__RC9,0.1736,g__UBA1217,0.0102,s__Prevotella sp900317685,0.0451
RUG506.fa,g__Prevotella,0.999,g__RUG658,0.008100000000000001,s__Methanobrevibacter_B sp900314605,0.0363
RUG507.fa,g__CAG-83,0.0674,g__UBA1217,0.0094,s__C941 sp900318335,0.0403
RUG508.fa,g__Prevotella,0.8996,g__RUG658,0.008199999999999999,s__Olsenella umbonata,0.0687
RUG509.fa,g__Prevotella,0.7546,g__UBA1217,0.0099,s__Megasphaera_B hexanoica,0.0977
RUG510.fa,g__Ruminococcus_E,0.9975,g__UBA1217,0.0074,s__Fibrobacter sp900142495,0.0282
RUG511.fa,g__Clostridium,0.1563,g__RUG410,0.0069,s__UBA1777 sp900317375,0.5726
RUG512.fa,g__CAG-791,0.0702,g__UBA1217,0.0106,s__Ruminococcus_E sp900100595,0.1051
RUG513.fa,g__Prevotella,0.1736,g__UBA2883,0.0067,s__Kandleria vitulina,0.31620000000000004
RUG514.fa,g__Prevotella,0.4158,g__UBA1217,0.0073,s__Desulfovibrio sp900319575,0.0943
RUG515.fa,g__CAG-791,0.1109,g__UBA1217,0.0079,s__Bifidobacterium globosum,0.0818
RUG516.fa,g__Ruminococcus_E,0.0715,g__UBA1217,0.0084,s__Olsenella umbonata,0.0204
RUG517.fa,g__Prevotella,0.2659,g__RUG410,0.0068000000000000005,s__Sharpea azabuensis,0.032
RUG518.fa,g__Prevotella,0.2706,g__UBA1217,0.0088,s__Olsenella umbonata,0.0321
RUG519.fa,g__Streptococcus,0.022,g__Bifidobacterium,0.0109,s__UBA4334 sp900316505,0.0984
RUG520.fa,g__Prevotella,0.2195,g__Bifidobacterium,0.0145,s__C941 sp900318065,0.1276
RUG521.fa,g__GCA-900199385,0.0969,g__UBA1217,0.0095,s__Sharpea azabuensis,0.057800000000000004
RUG522.fa,g__Prevotella,0.9675,g__RUG410,0.0069,s__Prevotella copri,0.0182
RUG523.fa,g__Ruminococcus,0.3802,g__RUG410,0.0072,s__RUG420 sp900317985,0.050499999999999996
RUG524.fa,g__UBA1067,0.0844,g__UBA1217,0.0102,s__Ruminococcus_E sp900100595,0.027200000000000002
RUG525.fa,g__UBA1067,0.0969,g__UBA1217,0.0086,s__Eubacterium_T pyruvativorans,0.058899999999999994
RUG526.fa,g__Prevotella,0.1286,g__RUG410,0.0069,s__RUG592 sp900320535,0.1861
RUG527.fa,g__Ruminococcus_E,0.0628,g__UBA1217,0.0104,s__Ruminococcus_D sp900319075,0.2227
RUG528.fa,g__Prevotella,0.0398,g__UBA1217,0.0096,s__CAG-110 sp900315595,0.09609999999999999
RUG529.fa,g__RC9,0.0979,g__UBA1217,0.0097,s__UBA1777 sp900319835,0.24710000000000001
RUG530.fa,g__UBA1777,0.7818,g__UBA1217,0.0107,s__Methanobrevibacter_A sp900319535,0.039599999999999996
RUG531.fa,g__UBA1067,0.1394,g__UBA1217,0.0102,s__Olsenella umbonata,0.196
RUG532.fa,g__Prevotella,0.3254,g__UBA1217,0.0096,s__Bifidobacterium globosum,0.027000000000000003
RUG533.fa,g__RC9,0.5484,g__UBA1217,0.0105,s__Kandleria vitulina,0.1298
RUG534.fa,g__Ruminococcus,0.9932,g__UBA1217,0.0084,s__Prevotella sp900315955,0.0353
RUG535.fa,g__CAG-83,0.0893,g__UBA1217,0.0071,s__Acidaminococcus sp900315205,0.0611
RUG536.fa,g__Prevotella,0.8357,g__Methanobrevibacter_B,0.0107,s__Prevotella sp900314365,0.0353
RUG537.fa,g__Ruminococcus,0.0845,g__UBA1217,0.0089,s__Succinivibrio sp900316175,0.0337
RUG538.fa,g__UBA1213,1.0,g__Methanobrevibacter_B,0.0152,s__C941 sp900318335,0.0046
RUG539.fa,g__UBA1213,0.1212,g__UBA1217,0.008,s__Ruminococcus sp900319195,0.069
RUG540.fa,g__CAG-791,0.3924,g__UBA1217,0.0085,s__C941 sp900318335,0.0206
RUG541.fa,g__RC9,0.7067,g__UBA1217,0.0071,s__Prevotella copri,0.2825
RUG542.fa,g__Prevotella,0.8335,g__UBA1217,0.008100000000000001,s__CAG-110 sp900315595,0.18989999999999999
RUG543.fa,g__Treponema_D,0.1941,g__UBA2883,0.006500000000000001,s__Ruminococcus_E sp900317315,0.7114
RUG544.fa,g__RC9,0.0846,g__UBA1217,0.0085,s__UBA2810 sp900317945,0.0645
RUG545.fa,g__Prevotella,0.2942,g__UBA1217,0.006999999999999999,s__Sharpea azabuensis,0.4378
RUG546.fa,g__Prevotella,0.4647,g__RUG658,0.0103,s__C941 sp900318335,0.044800000000000006
RUG547.fa,g__UBA1213,0.1711,g__UBA1217,0.008199999999999999,s__Ruminococcus_E sp900314705,0.0282
RUG548.fa,g__RC9,0.1823,g__UBA1217,0.0086,s__C941 sp900318335,0.044199999999999996
RUG549.fa,g__Butyrivibrio,0.1488,g__UBA1217,0.0079,s__UBA6398 sp900314335,0.0521
RUG550.fa,g__Prevotella,0.3014,g__Methanobrevibacter_B,0.0467,s__Prevotella sp900314715,0.032400000000000005
RUG551.fa,g__Prevotella,0.2266,g__UBA1217,0.0075,s__Prevotella sp900316015,0.0258
RUG552.fa,g__RC9,0.5397,g__UBA1217,0.0097,s__Ruminococcus_E sp900100595,0.0225
RUG553.fa,g__Prevotella,0.1959,g__UBA1217,0.0101,s__Fibrobacter sp900142495,0.7044
RUG554.fa,g__Ruminococcus,0.4815,g__UBA1217,0.0087,s__Ruminococcus_E sp900317315,0.6609999999999999
RUG555.fa,g__Clostridium,0.2218,g__UBA1217,0.0094,s__Olsenella umbonata,0.2
RUG556.fa,g__Lachnospira,0.0543,g__UBA1217,0.0075,s__RC9 sp900316045,0.2259
RUG557.fa,g__Prevotella,0.0994,g__RUG658,0.0092,s__RC9 sp900316045,0.2727
RUG558.fa,g__Prevotella,0.1128,g__RUG410,0.0067,s__C941 sp900318335,0.0337
RUG559.fa,g__Prevotella,0.1742,g__RUG658,0.0074,s__Megasphaera_B hexanoica,0.0226
RUG560.fa,g__Prevotella,0.2656,g__UBA1217,0.0087,s__Prevotella sp900314715,0.0492
RUG561.fa,g__UBA1777,0.6569,g__UBA1217,0.0097,s__Succiniclasticum sp900315925,0.0507
RUG562.fa,g__Streptococcus,0.0621,g__UBA1217,0.0098,s__Sharpea azabuensis,0.0327
RUG563.fa,g__Prevotella,0.0937,g__Fibrobacter,0.041100000000000005,s__UBA1711 sp900319865,0.010700000000000001
RUG564.fa,g__Streptococcus,0.5452,g__UBA1217,0.0078,s__Sharpea azabuensis,0.15990000000000001
RUG565.fa,g__UBA1777,0.5752,g__UBA2883,0.0068000000000000005,s__Bacillus licheniformis,0.032
RUG566.fa,g__Bulleidia,0.9952,g__UBA1217,0.0099,s__Megasphaera_B hexanoica,0.061900000000000004
RUG567.fa,g__Prevotella,0.4799,g__UBA1217,0.0089,s__ER4 sp900317525,0.1216
RUG568.fa,g__RC9,0.8949,g__UBA1217,0.0096,s__UBA2862 sp900315585,0.0787
RUG569.fa,g__Bifidobacterium,0.3924,g__UBA1217,0.0098,s__C941 sp900318335,0.0105
RUG570.fa,g__RC9,0.3793,g__Methanobrevibacter_B,0.044800000000000006,s__Sharpea azabuensis,0.3029
RUG571.fa,g__CAG-110,0.153,g__UBA1217,0.0074,s__C941 sp900318335,0.0259
RUG572.fa,g__CAG-791,0.0993,g__Methanobrevibacter_B,0.0373,s__CAG-110 sp900316335,0.10189999999999999
RUG573.fa,g__Prevotella,0.4853,g__Methanobrevibacter_B,0.0208,s__Methanobrevibacter_B sp900314605,0.1941
RUG574.fa,g__CAG-791,0.0466,g__UBA1217,0.0095,s__UBA5026 sp900313725,0.0958
RUG575.fa,g__CAG-791,0.1085,g__UBA1217,0.0092,s__C941 sp900318335,0.0106
RUG576.fa,g__Prevotella,0.0607,g__RUG658,0.0073,s__Ruminococcus_E sp900100595,0.0134
RUG577.fa,g__Desulfovibrio,0.9498,g__UBA1217,0.0075,s__Prevotella sp900316015,0.0885
RUG578.fa,g__Prevotella,0.9954,g__UBA1217,0.0066,s__RC9 sp900316045,0.1565
RUG579.fa,g__UBA1066,0.1856,g__UBA1217,0.0106,s__UBA1777 sp900317375,0.2441
RUG580.fa,g__Treponema_D,0.5859,g__RUG410,0.006500000000000001,s__Ruminococcus_E sp900100595,0.2563
RUG581.fa,g__UBA1777,0.8899,g__UBA1217,0.0088,s__Olsenella umbonata,0.022000000000000002
RUG582.fa,g__RC9,0.0779,g__UBA1217,0.0106,s__Prevotella sp900315775,0.0147
RUG583.fa,g__Butyrivibrio,0.0708,g__UBA1217,0.0079,s__Prevotella sp900320255,0.0292
RUG584.fa,g__Acetatifactor,0.0919,g__UBA1217,0.0084,s__C941 sp900318335,0.006500000000000001
RUG585.fa,g__CAG-110,0.5723,g__UBA1217,0.0094,s__Bifidobacterium globosum,0.0904
RUG586.fa,g__Prevotella,0.2001,g__UBA1217,0.0101,s__Prevotella sp900316295,0.0409
RUG587.fa,g__CAG-791,0.0533,g__UBA1217,0.0095,s__Methanobrevibacter_A sp900319535,0.054299999999999994
RUG588.fa,g__Bifidobacterium,0.0851,g__UBA1217,0.0094,s__Ruminobacter amylophilus,0.0452
RUG589.fa,g__Streptococcus,0.1358,g__UBA1217,0.0092,s__Kandleria vitulina,0.1868
RUG590.fa,g__Streptococcus,0.0855,g__UBA1217,0.0106,s__RUG572 sp900320225,0.0229
RUG591.fa,g__RUG033,0.103,g__RUG658,0.0099,s__Methanobrevibacter_B sp900314605,0.058499999999999996
RUG592.fa,g__UBA1777,0.9702,g__UBA1217,0.0104,s__Methanobrevibacter_A sp900319535,0.1177
RUG593.fa,g__Butyrivibrio,0.4044,g__UBA1217,0.008199999999999999,s__Methanobrevibacter_A sp900319535,0.1389
RUG594.fa,g__CAG-791,0.1057,g__Methanobrevibacter_B,0.017,s__Methanobrevibacter_A sp900319535,0.0633
RUG595.fa,g__UBA1711,0.2207,g__UBA1217,0.0094,s__Ruminococcus_E sp900316555,0.11900000000000001
RUG596.fa,g__Prevotella,0.2328,g__UBA1217,0.0087,s__RC9 sp900316045,0.085
RUG597.fa,g__CAG-791,0.1638,g__UBA1217,0.0099,s__RUG420 sp900317985,0.0605
RUG598.fa,g__Prevotella,0.1033,g__UBA2883,0.0066,s__UBA2810 sp900317945,0.0394
RUG599.fa,g__Prevotella,0.9572,g__UBA1217,0.0091,s__Sharpea azabuensis,0.0986
RUG600.fa,g__Prevotella,0.0268,g__UBA2883,0.0071,s__Methanobrevibacter_A sp900319535,0.0403
RUG601.fa,g__Ottowia,0.1573,g__UBA1217,0.0107,s__UBA1213 sp900322145,0.031400000000000004
RUG602.fa,g__Ruminococcus_C,0.0499,g__UBA1217,0.006999999999999999,s__UBA1711 sp900319865,0.0073
RUG603.fa,g__Acetatifactor,0.0152,g__UBA1217,0.0101,s__RUG369 sp900317365,0.06849999999999999
RUG604.fa,g__Prevotella,0.9997,g__UBA1217,0.008100000000000001,s__Bacillus licheniformis,0.0317
RUG605.fa,g__RC9,0.2444,g__UBA1217,0.0086,s__RUG420 sp900317985,0.4849
RUG606.fa,g__CAG-791,0.0513,g__UBA1217,0.0094,s__C941 sp900318335,0.0405
RUG607.fa,g__Bifidobacterium,0.1289,g__UBA1217,0.0076,s__Ruminococcus_E sp900317315,0.5102
RUG608.fa,g__Clostridium,0.2916,g__UBA1217,0.0088,s__CAG-110 sp900315595,0.0315
RUG609.fa,g__Prevotella,0.5326,g__UBA1217,0.0085,s__ER4 sp900317525,0.0296
RUG610.fa,g__CAG-485,0.5488,g__UBA1217,0.0085,s__Acidaminococcus sp900315205,0.0091
RUG611.fa,g__Prevotella,0.4394,g__UBA1217,0.0107,s__Prevotella copri,0.1642
RUG612.fa,g__Streptococcus,0.1269,g__UBA1217,0.008100000000000001,s__RUG306 sp900316075,0.0645
RUG613.fa,g__Prevotella,0.5143,g__UBA1217,0.0104,s__Olsenella umbonata,0.0576
RUG614.fa,g__RC9,0.1659,g__UBA1217,0.0103,s__RUG420 sp900317985,0.049800000000000004
RUG615.fa,g__Prevotella,0.8203,g__UBA1217,0.0075,s__Sharpea azabuensis,0.0592
RUG616.fa,g__Prevotella,0.2386,g__RUG410,0.0067,s__UBA1777 sp900317375,0.0716
RUG617.fa,g__CAG-791,0.2636,g__UBA1217,0.0095,s__Ruminococcus_E sp900317315,0.434
RUG618.fa,g__RUG369,0.039,g__RUG410,0.006999999999999999,s__Sharpea azabuensis,0.39640000000000003
RUG619.fa,g__CAG-791,0.084,g__Methanobrevibacter_B,0.0363,s__Prevotella sp900316015,0.0062
RUG620.fa,g__UBA1777,0.0568,g__UBA1217,0.006999999999999999,s__Prevotella sp900316015,0.17809999999999998
RUG621.fa,g__RC9,0.0339,g__RUG410,0.0066,s__Methanobrevibacter_A sp900319535,0.0318
RUG622.fa,g__Streptococcus,0.0954,g__UBA1217,0.0077,s__Sharpea azabuensis,0.0362
RUG623.fa,g__Weimerbacter,0.1153,g__UBA1217,0.008,s__Megasphaera_B hexanoica,0.060599999999999994
RUG624.fa,g__CAG-791,0.08199999999999999,g__UBA1217,0.0103,s__Sharpea azabuensis,0.3951
RUG625.fa,g__Prevotella,0.1038,g__UBA1217,0.0102,s__UBA2810 sp900317945,0.3593
RUG626.fa,g__UBA7748,0.1729,g__Fibrobacter,0.4101,s__ER4 sp900317525,0.026699999999999998
RUG627.fa,g__RC9,0.1494,g__UBA1217,0.0094,s__UBA1777 sp900319275,0.0385
RUG628.fa,g__Ruminococcus,0.0576,g__UBA1217,0.0067,s__Selenomonas_C bovis,0.8471
RUG629.fa,g__Prevotella,0.2082,g__UBA1217,0.0093,s__Prevotella sp900317685,0.0316
RUG630.fa,g__Streptococcus,0.3537,g__Methanobrevibacter_B,0.0738,s__Sharpea azabuensis,0.3937
RUG631.fa,g__RC9,0.9991,g__RUG410,0.0068000000000000005,s__Prevotella sp900317685,0.10310000000000001
RUG632.fa,g__Prevotella,0.141,g__RUG410,0.0067,s__CAG-110 sp900316335,0.2438
RUG633.fa,g__Blautia_A,0.0505,g__UBA1217,0.0076,s__Olsenella umbonata,0.0235
RUG634.fa,g__Prevotella,0.9633,g__Methanobrevibacter_B,0.0163,s__Methanobrevibacter_B sp900314605,0.0407
RUG635.fa,g__RUG572,0.6093,g__UBA1217,0.0068000000000000005,s__Prevotella sp900315775,0.044000000000000004
RUG636.fa,g__CAG-475,0.1269,g__UBA1217,0.0103,s__Sharpea azabuensis,0.0183
RUG637.fa,g__RC9,0.0574,g__RUG410,0.0068000000000000005,s__Ruminococcus_E sp900317315,0.5539000000000001
RUG638.fa,g__Prevotella,0.105,g__RUG410,0.0069,s__Bacillus licheniformis,0.015700000000000002
RUG639.fa,g__Butyrivibrio,0.5101,g__UBA2883,0.0071,s__C941 sp900318335,0.0121
RUG640.fa,g__RC9,0.1227,g__RUG410,0.0067,s__Ruminococcus_E sp900317315,0.1478
RUG641.fa,g__CAG-791,0.5093,g__UBA1217,0.0083,s__Bacillus licheniformis,0.027200000000000002
RUG642.fa,g__RC9,0.8446,g__RUG410,0.0067,s__RUG420 sp900317985,0.9934999999999999
RUG643.fa,g__Prevotella,0.0739,g__Methanobrevibacter_B,0.014,s__C941 sp900316835,0.012
RUG644.fa,g__Ruminococcus,0.2527,g__UBA1217,0.0072,s__Prevotella sp900317685,0.0584
RUG645.fa,g__Prevotella,0.2095,g__Bifidobacterium,0.0109,s__C941 sp900318335,0.022400000000000003
RUG646.fa,g__Alloprevotella,0.1596,g__UBA1217,0.008,s__Ruminococcus_E sp900100595,0.1406
RUG647.fa,g__Oribacterium,0.1456,g__Methanobrevibacter_B,0.0239,s__C941 sp900318335,0.0354
RUG648.fa,g__Streptococcus,0.7659999999999999,g__Methanobrevibacter_B,0.013,s__Methanobrevibacter_B sp900314605,0.1793
RUG649.fa,g__Prevotella,0.2955,g__UBA1217,0.0096,s__RUG369 sp900317365,0.0335
RUG650.fa,g__RC9,0.0394,g__UBA2883,0.0071,s__RUG420 sp900317985,0.3881
RUG651.fa,g__CAG-791,0.9543,g__UBA1217,0.0066,s__Olsenella umbonata,0.042699999999999995
RUG652.fa,g__Streptococcus,0.1013,g__UBA1217,0.008,s__RUG420 sp900317985,0.48479999999999995
RUG653.fa,g__CAG-791,0.0733,g__RUG410,0.0068000000000000005,s__Methanobrevibacter_A sp900319535,0.0466
RUG654.fa,g__Clostridium,0.2144,g__UBA1217,0.01,s__Olsenella umbonata,0.27140000000000003
RUG655.fa,g__Blautia_A,0.2786,g__UBA1217,0.0073,s__Ruminococcus_E sp900316555,0.1306
RUG656.fa,g__Clostridium,0.3008,g__UBA1217,0.0094,s__Megasphaera_B hexanoica,0.2953
RUG657.fa,g__Methanobrevibacter_A,0.1856,g__UBA1217,0.0077,s__Prevotella sp900315765,0.0213
RUG658.fa,g__Prevotella,0.1185,g__RUG410,0.0071,s__Methanobrevibacter_A sp900319535,0.1074
RUG659.fa,g__Acetatifactor,0.131,g__UBA1217,0.0103,s__Ruminococcus_E sp900100595,0.1557
RUG660.fa,g__Blautia_A,0.0739,g__UBA1217,0.0098,s__Bacillus licheniformis,0.3275
RUG661.fa,g__Prevotella,0.418,g__RUG658,0.0089,s__Olsenella umbonata,0.0259
RUG662.fa,g__Prevotella,0.3453,g__UBA1217,0.0098,s__Megasphaera_B hexanoica,0.0323
RUG663.fa,g__Streptococcus,0.1241,g__UBA1217,0.0084,s__ER4 sp900317525,0.038599999999999995
RUG664.fa,g__RUG572,0.4095,g__UBA2883,0.006999999999999999,s__Sharpea azabuensis,0.08220000000000001
RUG665.fa,g__Prevotella,0.2805,g__RUG410,0.0069,s__Ruminococcus_E sp900100595,0.2437
RUG666.fa,g__RC9,0.9996,g__Bifidobacterium,0.0095,s__Prevotella sp900317685,0.11789999999999999
RUG667.fa,g__Prevotella,0.0715,g__UBA1217,0.0088,s__Olsenella umbonata,0.10980000000000001
RUG668.fa,g__Treponema_D,0.0439,g__UBA1217,0.0078,s__UBA1711 sp900317125,0.2515
RUG669.fa,g__RC9,0.3804,g__Methanobrevibacter_B,0.0149,s__Prevotella sp900318625,0.0059
RUG670.fa,g__Oribacterium,0.044,g__UBA2883,0.0068000000000000005,s__Methanobrevibacter_B sp900314605,0.13720000000000002
RUG671.fa,g__UBA1777,0.7193,g__UBA1217,0.0101,s__Sharpea azabuensis,0.1084
RUG672.fa,g__UBA1066,0.1325,g__Fibrobacter,0.0513,s__Sharpea azabuensis,0.1073
RUG673.fa,g__Streptococcus,0.2889,g__UBA1217,0.0108,s__Prevotella sp900316295,0.0178
RUG674.fa,g__CAG-791,0.108,g__UBA1217,0.0099,s__RUG572 sp900320225,0.037599999999999995
RUG675.fa,g__Ruminococcus_E,0.6376,g__UBA1217,0.0094,s__RUG420 sp900317985,0.9987999999999999
RUG676.fa,g__UBA1067,0.1498,g__UBA1217,0.0093,s__Prevotella sp900314715,0.029900000000000003
RUG677.fa,g__C941,0.2663,g__Methanobrevibacter_B,0.0281,s__Megasphaera_B hexanoica,0.0722
RUG678.fa,g__Prevotella,0.1421,g__UBA1217,0.0095,s__RUG420 sp900317985,0.2357
RUG679.fa,g__CAG-791,0.1886,g__UBA1217,0.0068000000000000005,s__Fibrobacter sp900142495,0.1505
RUG680.fa,g__Ruminococcus,0.0696,g__UBA1217,0.0093,s__UBA1777 sp900317375,0.126
RUG681.fa,g__Bulleidia,0.0655,g__UBA1217,0.0096,s__Ruminococcus_E sp900317315,0.21100000000000002
RUG682.fa,g__RC9,0.9999,g__UBA1217,0.006999999999999999,s__Ruminococcus_E sp900317315,0.16329999999999997
RUG683.fa,g__Prevotella,0.3411,g__RUG410,0.0066,s__Ruminococcus_E sp900316555,0.2433
RUG684.fa,g__Succinivibrio,0.617,g__UBA1217,0.0073,s__Sharpea azabuensis,0.0321
RUG685.fa,g__Prevotella,0.1935,g__Methanobrevibacter_B,0.0104,s__Prevotella sp900316015,0.0091
RUG686.fa,g__Streptococcus,0.0496,g__UBA2810,0.1874,s__UBA2810 sp900317945,0.9998999999999999
RUG687.fa,g__Prevotella,0.8625,g__UBA1217,0.0094,s__CAG-791 sp900317555,0.0415
RUG688.fa,g__RC9,0.107,g__UBA1217,0.0094,s__Olsenella umbonata,0.0512
RUG689.fa,g__UBA1213,0.4611,g__UBA1217,0.009000000000000001,s__UBA1711 sp900319865,0.0116
RUG690.fa,g__GCA-900199385,0.3375,g__Methanobrevibacter_B,0.0121,s__UBA2810 sp900317945,0.1199
RUG691.fa,g__UBA7748,0.2598,g__Methanobrevibacter_B,0.0729,s__Ruminobacter amylophilus,0.039
RUG692.fa,g__Prevotella,0.2121,g__UBA2883,0.006999999999999999,s__Olsenella umbonata,0.0406
RUG693.fa,g__Clostridium,0.8119,g__UBA1217,0.0097,s__Bacillus licheniformis,0.0147
RUG694.fa,g__Prevotella,0.4015,g__UBA1217,0.0084,s__Sharpea azabuensis,0.0464
RUG695.fa,g__RC9,0.7241,g__UBA1217,0.0075,s__Olsenella umbonata,0.0587
RUG696.fa,g__Butyrivibrio,0.1731,g__UBA1217,0.0093,s__Olsenella umbonata,0.0104
RUG697.fa,g__RC9,0.9786,g__UBA1217,0.0085,s__Fibrobacter sp900142495,0.12240000000000001
RUG698.fa,g__RC9,0.0679,g__UBA1217,0.0084,s__Bacillus licheniformis,0.022000000000000002
RUG699.fa,g__UBA1067,0.1475,g__UBA1217,0.0094,s__RUG572 sp900320225,0.0524
RUG700.fa,g__Prevotella,0.2488,g__UBA1217,0.0089,s__Succinivibrio sp900316175,0.041299999999999996
RUG701.fa,g__Eubacterium_Q,0.0316,g__UBA1217,0.009000000000000001,s__Prevotella sp900314755,0.008199999999999999
RUG702.fa,g__Prevotella,0.0863,g__UBA1217,0.0076,s__Ruminococcus_E sp900317315,0.038900000000000004
RUG703.fa,g__RC9,0.1099,g__UBA1217,0.0068000000000000005,s__Prevotella sp900314755,0.0189
RUG704.fa,g__Ruminococcus_E,0.1904,g__Methanobrevibacter_B,0.0139,s__Megasphaera_B hexanoica,0.1497
RUG705.fa,g__UBA1777,0.0931,g__Methanobrevibacter_B,0.17579999999999998,s__Lachnospira eligens_B,0.0451
RUG706.fa,g__Blautia_A,0.0376,g__Methanobrevibacter_B,0.0107,s__Sharpea azabuensis,0.4278
RUG707.fa,g__Prevotella,0.8268,g__RUG410,0.0066,s__Selenomonas_C sp900314825,0.0919
RUG708.fa,g__RC9,0.8885,g__Bifidobacterium,0.0129,s__Bulleidia massiliensis,0.1032
RUG709.fa,g__RC9,0.1122,g__UBA1217,0.0087,s__Bacillus licheniformis,0.0092
RUG710.fa,g__Prevotella,0.999,g__RUG658,0.0077,s__Ruminococcus_E sp900317315,0.11289999999999999
RUG711.fa,g__Clostridium,0.48,g__UBA1217,0.0072,s__UBA4334 sp900316505,0.2602
RUG712.fa,g__RC9,0.4696,g__UBA1217,0.0083,s__ER4 sp900317525,0.0108
RUG713.fa,g__CAG-791,0.0745,g__UBA1217,0.0088,s__UBA1711 sp900317285,0.0409
RUG714.fa,g__Ruminococcus,0.6101,g__UBA1217,0.0091,s__Prevotella sp900314915,0.0102
RUG715.fa,g__RC9,0.0606,g__UBA1217,0.0095,s__Ruminobacter amylophilus,0.0147
RUG716.fa,g__Prevotella,0.0366,g__RUG658,0.0094,s__Prevotella sp900316015,0.0481
RUG717.fa,g__RC9,0.0561,g__UBA1217,0.0083,s__UBA2810 sp900317945,0.17850000000000002
RUG718.fa,g__Clostridium,0.1042,g__UBA1217,0.0089,s__Megasphaera_B hexanoica,0.2352
RUG719.fa,g__Ruminococcus_C,0.0999,g__UBA1217,0.0077,s__Sharpea azabuensis,0.3935
RUG720.fa,g__Prevotella,0.2027,g__UBA2883,0.0069,s__C941 sp900318335,0.0262
RUG721.fa,g__Clostridium,0.2145,g__UBA1217,0.0092,s__Olsenella umbonata,0.1051
RUG722.fa,g__CAG-791,0.0591,g__UBA1217,0.0086,s__Ruminococcus_E sp900100595,0.0115
RUG723.fa,g__Streptococcus,0.1275,g__UBA1217,0.008100000000000001,s__Prevotella copri,0.0317
RUG724.fa,g__ER4,0.0549,g__RUG410,0.0069,s__UBA1711 sp900317285,0.0392
RUG725.fa,g__Prevotella,0.0576,g__UBA1217,0.009000000000000001,s__Olsenella umbonata,0.183
RUG726.fa,g__Ottowia,0.0896,g__UBA1217,0.0079,s__Sharpea azabuensis,0.2515
RUG727.fa,g__Prevotella,0.0447,g__UBA1217,0.0069,s__RC9 sp900316045,0.3333
RUG728.fa,g__Ruminococcus,0.0709,g__RUG410,0.0066,s__Succinivibrio sp900316175,0.23199999999999998
RUG729.fa,g__CAG-791,0.1025,g__UBA1217,0.01,s__Olsenella umbonata,0.21239999999999998
RUG730.fa,g__Prevotella,0.0722,g__Methanobrevibacter_B,0.0493,s__Methanobrevibacter_A sp900319535,0.0658
RUG731.fa,g__Prevotella,0.7070000000000001,g__UBA1217,0.0103,s__RC9 sp900316045,0.6615000000000001
RUG732.fa,g__Blautia_A,0.1839,g__UBA1217,0.0077,s__Sharpea azabuensis,0.0407
RUG733.fa,g__Streptococcus,0.181,g__RUG410,0.0066,s__Prevotella copri,0.023
RUG734.fa,g__CAG-791,0.3282,g__UBA1217,0.0088,s__Olsenella umbonata,0.0217
RUG735.fa,g__Methanobrevibacter_B,0.171,g__RUG410,0.0067,s__Succinivibrio sp900316175,0.06280000000000001
RUG736.fa,g__UBA1067,0.4629,g__UBA1217,0.0089,s__Prevotella sp900316015,0.1
RUG737.fa,g__CAG-791,0.193,g__UBA1217,0.0107,s__ER4 sp900317525,0.0273
RUG738.fa,g__UBA1067,0.1224,g__UBA1217,0.0109,s__Prevotella sp002251295,0.0874
RUG739.fa,g__Prevotella,0.5878,g__UBA1217,0.006999999999999999,s__RC9 sp900316045,0.09570000000000001
RUG740.fa,g__CAG-791,0.1838,g__UBA1217,0.0103,s__UBA1777 sp900317375,0.1386
RUG741.fa,g__RUG369,0.3133,g__UBA1217,0.0104,s__Prevotella sp900314915,0.0091
RUG742.fa,g__RC9,0.5354,g__UBA1217,0.0078,s__Olsenella umbonata,0.1207
RUG743.fa,g__CAG-791,0.1015,g__UBA1217,0.0084,s__C941 sp900318335,0.0109
RUG744.fa,g__CAG-791,0.0554,g__RUG410,0.0071,s__Fibrobacter sp900142495,0.060599999999999994
RUG745.fa,g__CAG-791,0.0658,g__Methanobrevibacter_B,0.042800000000000005,s__Methanobrevibacter_A sp900319535,0.1128
RUG746.fa,g__UBA2856,0.978,g__UBA1217,0.0092,s__Ruminococcus_C callidus,1.0
RUG747.fa,g__Streptococcus,0.0711,g__UBA1217,0.0096,s__Sharpea azabuensis,0.1726
RUG748.fa,g__Prevotella,0.7186,g__RUG658,0.008100000000000001,s__Ruminococcus_E sp900314705,0.15539999999999998
RUG749.fa,g__Selenomonas_C,0.5565,g__Fibrobacter,0.0934,s__UBA4334 sp900316505,0.7862
RUG750.fa,g__UBA1067,0.1245,g__RUG410,0.0067,s__Sharpea azabuensis,0.024700000000000003
RUG751.fa,g__CAG-791,0.112,g__Methanobrevibacter_B,0.0646,s__Prevotella sp900316295,0.105
RUG752.fa,g__Saccharofermentans,0.394,g__UBA1217,0.0079,s__Bacillus licheniformis,0.028399999999999998
RUG753.fa,g__Streptococcus,0.1068,g__UBA1217,0.0084,s__Fibrobacter sp900142495,0.2864
RUG754.fa,g__Clostridium,0.0563,g__Methanobrevibacter_B,0.0366,s__Prevotella sp900320255,0.0683
RUG755.fa,g__CAG-791,0.4971,g__UBA1217,0.0066,s__Methanobrevibacter_A sp900319535,0.08
RUG756.fa,g__Prevotella,0.5713,g__Methanobrevibacter_B,0.1212,s__RUG756 sp900322115,1.0
RUG757.fa,g__RC9,0.1274,g__UBA1217,0.0107,s__Bacillus licheniformis,0.030899999999999997
RUG758.fa,g__UBA1777,0.1665,g__UBA1217,0.0105,s__UBA1213 sp900322145,0.6043999999999999
RUG759.fa,g__Streptococcus,0.4259,g__UBA1217,0.008199999999999999,s__Prevotella sp900317685,0.154
RUG760.fa,g__Prevotella,0.1619,g__UBA1217,0.0067,s__RC9 sp900316045,0.0556
RUG761.fa,g__Butyrivibrio,0.1338,g__UBA1217,0.0103,s__Sharpea azabuensis,0.0318
RUG762.fa,g__Prevotella,0.1295,g__Methanobrevibacter_B,0.0225,s__CAG-791 sp900320325,0.027200000000000002
RUG763.fa,g__CAG-791,0.0518,g__UBA1217,0.0099,s__RUG572 sp900320225,0.0576
RUG764.fa,g__CAG-791,0.2096,g__UBA1217,0.0095,s__Sharpea azabuensis,0.2422
RUG765.fa,g__Butyrivibrio,0.3861,g__UBA1217,0.0098,s__Prevotella sp900316565,0.1479
RUG766.fa,g__Streptococcus,0.0324,g__UBA1217,0.0094,s__Bifidobacterium globosum,0.0178
RUG767.fa,g__UBA1081,0.2767,g__Fibrobacter,0.3631,s__UBA1213 sp900322145,0.0274
RUG768.fa,g__Clostridium,0.0747,g__UBA1217,0.0106,s__RUG572 sp900320225,0.1354
RUG769.fa,g__Butyrivibrio,0.6062,g__RUG410,0.0071,s__Ruminobacter amylophilus,0.0158
RUG770.fa,g__Prevotella,0.0608,g__Methanobrevibacter_B,0.0199,s__Methanobrevibacter_A sp900319535,0.055
RUG771.fa,g__Acidaminococcus,0.1319,g__UBA1217,0.0092,s__C941 sp900318335,0.02
RUG772.fa,g__CAG-791,0.0465,g__UBA1217,0.0097,s__Prevotella sp900314915,0.0678
RUG773.fa,g__Butyrivibrio,0.2215,g__UBA1217,0.0097,s__Ruminococcus_E sp900317315,0.1548
RUG774.fa,g__Prevotella,0.4518,g__UBA1217,0.0078,s__C941 sp900318335,0.0216
RUG775.fa,g__UBA1067,0.3613,g__UBA2883,0.0068000000000000005,s__Sharpea azabuensis,0.303
RUG776.fa,g__CAG-485,0.9608,g__UBA1217,0.0087,s__Ruminococcus_E sp900317315,0.2051
RUG777.fa,g__Ruminococcus_D,0.1173,g__Methanobrevibacter_B,0.0221,s__Acidaminococcus fermentans,0.0875
RUG778.fa,g__Streptococcus,0.7012,g__UBA1217,0.0095,s__Ruminococcus_E sp900100595,0.30010000000000003
RUG779.fa,g__Bulleidia,0.1836,g__RUG410,0.006999999999999999,s__Olsenella umbonata,0.0246
RUG780.fa,g__UBA1777,0.0507,g__RUG658,0.0072,s__Methanobrevibacter_B sp900314605,0.1833
RUG781.fa,g__RC9,0.0612,g__UBA1217,0.0099,s__Ruminococcus_E sp900317315,0.013600000000000001
RUG782.fa,g__Prevotella,0.2525,g__UBA1217,0.0072,s__Prevotella copri,0.9829000000000001
RUG783.fa,g__RC9,0.9972,g__UBA1217,0.0104,s__Prevotella sp900316015,0.0248
RUG784.fa,g__UBA1067,0.1954,g__UBA6398,0.0075,s__RUG572 sp900320225,0.052000000000000005
RUG785.fa,g__RC9,0.5519,g__UBA1217,0.0085,s__Prevotella copri,0.0268
RUG786.fa,g__UBA1711,0.2047,g__RUG410,0.0066,s__Prevotella copri,0.2293
RUG787.fa,g__Streptococcus,0.0736,g__UBA1217,0.0069,s__Sharpea azabuensis,0.1392
RUG788.fa,g__RC9,0.0955,g__RUG410,0.0066,s__Prevotella sp900316015,0.1411
RUG789.fa,g__Prevotella,0.2359,g__UBA1217,0.0091,s__Olsenella umbonata,0.0242
RUG790.fa,g__Clostridium,0.1605,g__UBA1217,0.0076,s__Prevotella sp900318625,0.0196
RUG791.fa,g__Butyrivibrio,0.413,g__Methanobrevibacter_B,0.0434,s__Methanobrevibacter_A sp900319535,0.21739999999999998
RUG792.fa,g__Bifidobacterium,0.0978,g__UBA1217,0.0083,s__Ruminococcus_E sp900317315,0.0727
RUG793.fa,g__Butyrivibrio,0.1451,g__Methanobrevibacter_B,0.017,s__Methanobrevibacter_A sp900319535,0.0355
RUG794.fa,g__CAG-791,0.0798,g__UBA1217,0.009000000000000001,s__RC9 sp900316045,0.1549
RUG795.fa,g__Streptococcus,0.0664,g__RUG410,0.0071,s__Prevotella sp900316015,0.0073
RUG796.fa,g__Prevotella,0.3427,g__UBA1217,0.0098,s__Olsenella umbonata,0.1834
RUG797.fa,g__Prevotella,0.29100000000000004,g__Methanobrevibacter_B,0.0519,s__UBA2810 sp900317945,0.9692000000000001
RUG798.fa,g__Clostridium,0.2562,g__RUG410,0.0069,s__Ruminococcus_E sp900317315,0.0171
RUG799.fa,g__Prevotella,0.1894,g__UBA1217,0.0088,s__UBA2862 sp900318045,0.9987999999999999
RUG800.fa,g__Prevotella,0.2981,g__UBA1217,0.0095,s__Ruminobacter amylophilus,0.024700000000000003
RUG801.fa,g__Ruminococcus,0.8317,g__UBA1217,0.0096,s__C941 sp900318335,0.008
RUG802.fa,g__Streptococcus,0.0985,g__UBA1217,0.0089,s__Olsenella umbonata,0.1812
RUG803.fa,g__UBA1777,0.1182,g__Methanobrevibacter_B,0.08789999999999999,s__UBA1711 sp900317125,0.032
RUG804.fa,g__Agathobacter,0.5191,g__UBA1217,0.0084,s__Ruminococcus_E sp900317315,0.41
RUG805.fa,g__Prevotella,0.862,g__UBA1217,0.0088,s__C941 sp900318335,0.0137
RUG806.fa,g__UBA2856,0.2013,g__UBA1217,0.0098,s__UBA1711 sp900319865,0.0202
RUG807.fa,g__CAG-791,0.0538,g__UBA1217,0.0094,s__Prevotella sp900316015,0.09960000000000001
RUG808.fa,g__Blautia_A,0.5129,g__UBA1217,0.0104,s__RUG420 sp900317985,0.032799999999999996
RUG809.fa,g__Ruminococcus_C,0.9995,g__RUG410,0.0071,s__Lachnospira sp900316325,0.0924
RUG810.fa,g__UBA1777,0.0708,g__Methanobrevibacter_B,0.0173,s__Ruminococcus_E sp900317315,0.0629
RUG811.fa,g__Succinivibrio,0.5849,g__UBA1217,0.0071,s__Prevotella copri,0.04769999999999999
RUG812.fa,g__UBA4334,0.2659,g__UBA1217,0.0093,s__C941 sp900318335,0.005699999999999999
RUG813.fa,g__UBA4334,0.334,g__UBA1217,0.009000000000000001,s__Bacillus licheniformis,0.0382
RUG814.fa,g__Clostridium,0.1938,g__UBA1217,0.0085,s__Sharpea azabuensis,0.0296
RUG815.fa,g__Prevotella,0.3683,g__UBA1217,0.0105,s__Prevotella sp900317685,0.0159
RUG816.fa,g__Prevotella,0.8993,g__UBA1217,0.0066,s__Lachnospira sp900316325,0.0667
RUG817.fa,g__Weimerbacter,0.0315,g__UBA1217,0.0098,s__Bacillus licheniformis,0.006500000000000001
RUG818.fa,g__Streptococcus,0.8420000000000001,g__UBA1217,0.0084,s__Olsenella umbonata,0.1852
RUG819.fa,g__RUG756,0.9987,g__UBA2883,0.0067,s__Ruminococcus_E sp900100595,0.08410000000000001
RUG820.fa,g__Ruminococcus,0.3477,g__RUG410,0.006999999999999999,s__Methanobrevibacter_A sp900319535,0.0345
RUG821.fa,g__UBA1213,0.9999,g__Bifidobacterium,0.0099,s__Olsenella umbonata,0.1007
RUG822.fa,g__Prevotella,0.9538,g__UBA1217,0.009000000000000001,s__Olsenella umbonata,0.048600000000000004
RUG823.fa,g__UBA7748,0.0864,g__Methanobrevibacter_B,0.023,s__Prevotella copri,0.24539999999999998
RUG824.fa,g__Streptococcus,0.6127,g__UBA1217,0.0102,s__Ruminococcus_E sp900316555,0.0591
RUG825.fa,g__CAG-791,0.0556,g__RUG658,0.0088,s__Bacillus licheniformis,0.0128
RUG826.fa,g__CAG-791,0.7412,g__UBA1217,0.0091,s__RC9 sp900316045,0.051100000000000007
RUG827.fa,g__Streptococcus,0.0595,g__RUG658,0.0096,s__UBA1711 sp900317285,0.052300000000000006
RUG828.fa,g__Prevotella,0.8085,g__UBA1217,0.0073,s__Prevotella sp900316295,0.045
RUG829.fa,g__Prevotella,0.1013,g__UBA1217,0.0094,s__UBA7748 sp900314535,0.15109999999999998
RUG830.fa,g__UBA1213,0.7291,g__UBA1217,0.0084,s__ER4 sp900317525,0.21789999999999998
RUG831.fa,g__RUG572,0.1547,g__Methanobrevibacter_B,0.0161,s__Megasphaera_B hexanoica,0.0069
RUG832.fa,g__Bacillus,0.0818,g__Methanobrevibacter_B,0.0988,s__Prevotella sp900316015,0.0154
RUG833.fa,g__Methanobrevibacter_B,0.1086,g__RUG410,0.0068000000000000005,s__Methanobrevibacter_A sp900319535,0.0825
RUG834.fa,g__Streptococcus,0.1525,g__UBA1217,0.0105,s__Olsenella umbonata,0.261
RUG835.fa,g__Blautia_A,0.0568,g__UBA1217,0.0098,s__Ruminococcus_E sp900317315,0.9781
RUG836.fa,g__RC9,0.0557,g__UBA1217,0.0099,s__Olsenella umbonata,0.4607
RUG837.fa,g__Butyrivibrio,0.1918,g__UBA1217,0.0101,s__Fibrobacter sp900142495,0.0206
RUG838.fa,g__Streptococcus,0.0473,g__UBA1217,0.008199999999999999,s__Prevotella sp900314365,0.045700000000000005
RUG839.fa,g__CAG-791,0.0673,g__UBA1217,0.0093,s__Prevotella sp900320255,0.021099999999999997
RUG840.fa,g__Ruminococcus_D,0.2513,g__Methanobrevibacter_B,0.0372,s__Methanobrevibacter_A sp900319535,0.0738
RUG841.fa,g__Prevotella,0.0696,g__Methanobrevibacter_B,0.0197,s__Sharpea azabuensis,0.255
RUG842.fa,g__Prevotella,0.122,g__UBA1217,0.006500000000000001,s__Ruminococcus_E sp900317315,0.3539
RUG843.fa,g__Succinivibrio,0.6404,g__UBA1217,0.0094,s__C941 sp900318335,0.0241
RUG844.fa,g__Bulleidia,0.7637,g__Bifidobacterium,0.0192,s__C941 sp900318335,0.0322
RUG845.fa,g__Prevotella,0.998,g__RUG658,0.008199999999999999,s__CAG-110 sp900315595,0.0089
RUG846.fa,g__Prevotella,0.1266,g__UBA1217,0.0096,s__C941 sp900318335,0.0051
RUG847.fa,g__RC9,0.5887,g__UBA1217,0.0071,s__Methanobrevibacter_A sp900319535,0.0104
RUG848.fa,g__Streptococcus,0.4134,g__UBA1217,0.0095,s__Ruminococcus_E sp900100595,0.1066
RUG849.fa,g__Prevotella,0.0801,g__UBA1217,0.0073,s__Sharpea azabuensis,0.1996
RUG850.fa,g__Streptococcus,0.3006,g__Methanobrevibacter_B,0.0177,s__Bacillus licheniformis,0.0124
hRUG851.fa,g__Prevotella,0.9083,g__RUG658,0.0072,s__Sharpea azabuensis,0.0705
hRUG852.fa,g__CAG-83,0.1038,g__UBA1217,0.009000000000000001,s__C941 sp900318335,0.015300000000000001
hRUG853.fa,g__UBA1711,0.3143,g__UBA1217,0.0089,s__RUG420 sp900317985,0.1839
hRUG854.fa,g__Methanobrevibacter_A,0.157,g__UBA1217,0.0089,s__Methanobrevibacter_B sp900314605,0.1079
hRUG855.fa,g__Prevotella,0.1756,g__UBA1217,0.0104,s__UBA1711 sp900317125,0.1825
hRUG856.fa,g__Succinivibrio,0.2098,g__UBA1217,0.0087,s__Ruminococcus_E sp900317315,0.154
hRUG857.fa,g__Prevotella,0.0593,g__RUG658,0.0083,s__C941 sp900318335,0.053
hRUG858.fa,g__RC9,0.5314,g__Methanobrevibacter_B,0.011200000000000002,s__Prevotella sp900316015,0.1133
hRUG859.fa,g__Prevotella,0.0968,g__UBA1217,0.0095,s__UBA629 sp900317915,0.0253
hRUG860.fa,g__RUG024,0.2935,g__UBA1217,0.008100000000000001,s__Bifidobacterium globosum,0.17309999999999998
hRUG861.fa,g__CAG-791,0.0726,g__UBA1217,0.0102,s__Olsenella umbonata,0.031400000000000004
hRUG862.fa,g__UBA2862,0.9995,g__RUG658,0.0093,s__Prevotella sp900315775,0.015
hRUG863.fa,g__Prevotella,0.0997,g__UBA1217,0.009000000000000001,s__UBA2862 sp900318045,0.276
hRUG864.fa,g__Streptococcus,0.3336,g__UBA1217,0.0074,s__RUG420 sp900317085,0.16579999999999998
hRUG865.fa,g__UBA1067,0.2005,g__UBA1217,0.01,s__Olsenella umbonata,0.0999
hRUG866.fa,g__Clostridium,0.0542,g__UBA1217,0.0095,s__Ruminococcus_E sp900100595,0.2064
hRUG867.fa,g__Alloprevotella,0.2331,g__UBA1217,0.0103,s__Ruminococcus flavefaciens_R,0.9987
hRUG868.fa,g__CAG-791,0.0774,g__UBA1217,0.0108,s__RUG420 sp900317985,0.0806
hRUG869.fa,g__Acetatifactor,0.057,g__UBA1217,0.0097,s__Prevotella sp900316015,0.016
hRUG870.fa,g__Dialister,0.0747,g__UBA1217,0.0096,s__RUG420 sp900317985,0.11710000000000001
hRUG871.fa,g__Prevotella,0.1526,g__UBA1217,0.0088,s__Sharpea azabuensis,0.11349999999999999
hRUG872.fa,g__Clostridium,0.073,g__UBA1217,0.0099,s__RC9 sp900316045,0.026099999999999998
hRUG873.fa,g__Streptococcus,0.0458,g__UBA1217,0.0074,s__RC9 sp900316045,0.8922
hRUG874.fa,g__Ruminococcus_C,0.7615,g__UBA2883,0.0067,s__Ruminococcus_E sp900317315,0.2024
hRUG875.fa,g__RC9,0.5192,g__RUG410,0.0067,s__RC9 sp900316045,0.5179
hRUG876.fa,g__Prevotella,0.043,g__UBA1217,0.01,s__UBA2810 sp900317945,0.14279999999999998
hRUG877.fa,g__Prevotella,0.0565,g__RUG658,0.0104,s__Bacillus licheniformis,0.026000000000000002
hRUG878.fa,g__RC9,0.2779,g__UBA1217,0.008,s__Succinivibrio sp900316375,0.9533
hRUG879.fa,g__Weimerbacter,0.0451,g__UBA1217,0.0104,s__C941 sp900318335,0.004
hRUG880.fa,g__UBA7748,0.0647,g__UBA1217,0.0078,s__Megasphaera_B hexanoica,0.0799
hRUG881.fa,g__Prevotella,0.3323,g__RUG410,0.0068000000000000005,s__UBA1777 sp900319275,0.0076
hRUG882.fa,g__Prevotella,0.2628,g__UBA1217,0.0106,s__Ruminococcus_E sp900317315,0.07
hRUG883.fa,g__Streptococcus,0.1176,g__Methanobrevibacter_B,0.0176,s__Lachnospira eligens_B,0.0359
hRUG884.fa,g__RUG572,0.2219,g__Fibrobacter,0.0784,s__Ruminococcus_E sp900316555,0.1362
hRUG885.fa,g__RC9,0.0583,g__UBA1217,0.0102,s__Olsenella umbonata,0.037200000000000004
hRUG886.fa,g__Clostridium,0.1078,g__UBA1217,0.0103,s__RC9 sp900316045,0.0839
hRUG887.fa,g__Ruminococcus_E,0.087,g__UBA1217,0.0076,s__UBA1213 sp900319255,0.028399999999999998
hRUG888.fa,g__Prevotella,0.0758,g__RUG658,0.0086,s__UBA4334 sp900316505,0.0889
hRUG889.fa,g__Prevotella,0.1264,g__Methanobrevibacter_B,0.0682,s__Methanobrevibacter_B sp900314605,0.2018
hRUG890.fa,g__Prevotella,0.9448,g__RUG658,0.0092,s__Olsenella umbonata,0.018500000000000003
hRUG891.fa,g__Prevotella,0.0798,g__UBA1217,0.0099,s__Bacillus licheniformis,0.0281
hRUG892.fa,g__RC9,0.1031,g__RUG658,0.0074,s__Sharpea azabuensis,0.0695
hRUG893.fa,g__Prevotella,0.5317,g__UBA1217,0.0095,s__Sharpea azabuensis,0.022400000000000003
hRUG894.fa,g__Fibrobacter,0.9982,g__UBA1217,0.0089,s__RUG306 sp900316075,0.0493
hRUG895.fa,g__Butyrivibrio,0.1704,g__UBA1217,0.0072,s__Prevotella sp900316015,0.0103
hRUG896.fa,g__Streptococcus,0.1232,g__UBA2883,0.0069,s__C941 sp900318335,0.0098
hRUG897.fa,g__Prevotella,0.1943,g__UBA1217,0.0073,s__UBA2922 sp900313925,0.0149
hRUG898.fa,g__Prevotella,0.2382,g__RUG410,0.0067,s__Olsenella umbonata,0.1324
hRUG899.fa,g__RC9,0.1156,g__RUG410,0.0068000000000000005,s__Sharpea azabuensis,0.0636
hRUG900.fa,g__F082,0.2287,g__RUG410,0.0066,s__Sharpea azabuensis,0.18170000000000003
hRUG901.fa,g__Prevotella,0.6336,g__Fibrobacter,0.0354,s__Ruminobacter amylophilus,0.055999999999999994
hRUG902.fa,g__Prevotella,0.9186,g__UBA1217,0.0095,s__Prevotella copri,0.0063
hRUG903.fa,g__Succinivibrio,0.3071,g__UBA1217,0.0099,s__Bacillus licheniformis,0.013500000000000002
hRUG904.fa,g__Prevotella,0.0678,g__UBA1217,0.0098,s__Lachnospira eligens_B,0.2414
hRUG905.fa,g__RF16,0.109,g__UBA1217,0.0077,s__Bacillus licheniformis,0.031200000000000002
hRUG906.fa,g__Prevotella,0.1913,g__UBA1217,0.0091,s__Prevotella sp900316565,0.9899
hRUG907.fa,g__UBA1067,0.3198,g__UBA1217,0.0099,s__Ruminobacter amylophilus,0.0217
hRUG908.fa,g__Methanobrevibacter_A,0.0937,g__UBA1217,0.0087,s__CAG-536 sp900314505,0.0175
hRUG909.fa,g__Prevotella,0.4896,g__RUG658,0.0077,s__Prevotella sp900314715,0.0152
hRUG910.fa,g__Ruminococcus,0.243,g__Methanobrevibacter_B,0.1638,s__Methanobrevibacter_A sp900319535,0.0513
hRUG911.fa,g__UBA1067,0.1452,g__RUG410,0.0068000000000000005,s__Bacillus licheniformis,0.0223
hRUG912.fa,g__Prevotella,0.4967,g__Methanobrevibacter_B,0.0113,s__Sharpea azabuensis,0.3574
hRUG913.fa,g__Oribacterium,0.195,g__UBA1217,0.0088,s__UBA5026 sp900313725,0.060899999999999996
